peptide_term,residue,count,frequency,total_count,expected_frequency,expected_count,count_normalized,expected_count_normalized,z_score,p_value,log2_change
C,AA,69.0,0.009871244635193134,6990.0,0.005475999999999999,38.27723999999999,0.009871244635193134,0.005465064406123346,4.979460442475762,6.376178329414168e-07,0.8501095545816453
C,AC,14.0,0.0020028612303290413,6990.0,0.002442,17.069580000000002,0.0020028612303290413,0.002437123316244196,-0.743872426751154,0.4569536580723368,-0.286000733868424
C,AD,21.0,0.0030042918454935624,6990.0,0.004365999999999999,30.518339999999995,0.0030042918454935624,0.004357281080557804,-1.7267557105147544,0.08421154569051874,-0.5392871631506551
C,AE,26.0,0.0037195994277539344,6990.0,0.004292,30.001079999999998,0.0037195994277539344,0.004283428858853434,-0.7320534509269125,0.4641359440069581,-0.2065028135540542
C,AF,10.0,0.001430615164520744,6990.0,0.00296,20.6904,0.001430615164520744,0.0029540888681747826,-2.3537114551565037,0.01858703288310612,-1.0489615365675744
C,AG,53.0,0.007582260371959942,6990.0,0.005475999999999999,38.27723999999999,0.007582260371959942,0.005465064406123346,2.3862244480660086,0.017022358531783965,0.469505552366675
C,AH,9.0,0.0012875536480686696,6990.0,0.002146,15.000539999999999,0.0012875536480686696,0.002141714429426717,-1.5509699632147775,0.12090888232792653,-0.7370175302528341
C,AI,14.0,0.0020028612303290413,6990.0,0.002812,19.65588,0.0020028612303290413,0.0028063844247660434,-1.2775132660361415,0.20142109992724255,-0.4895341279535559
C,AK,33.0,0.004721030042918455,6990.0,0.005327999999999999,37.24272,0.004721030042918455,0.005317359962714608,-0.6970817759193372,0.4857516184339845,-0.17449241865143328
C,AL,36.0,0.005150214592274678,6990.0,0.005624,39.31176,0.005150214592274678,0.005612768849532087,-0.529690636205484,0.5963264412551376,-0.12696404856884747
C,AM,12.0,0.0017167381974248926,6990.0,0.0013319999999999999,9.31068,0.0017167381974248926,0.001329339990678652,0.8819444148455807,0.3778068670272061,0.36607596271126946
C,AN,17.0,0.0024320457796852646,6990.0,0.0032559999999999998,22.759439999999998,0.0024320457796852646,0.0032494977549922606,-1.209226503287198,0.22657583819481475,-0.42093031395453234
C,AP,1.0,0.0001430615164520744,6990.0,0.0037,25.863,0.0001430615164520744,0.0036926110852184783,-4.898002640384965,9.681573434638732e-07,-4.692817726342299
C,AQ,22.0,0.0031473533619456365,6990.0,0.0027379999999999995,19.138619999999996,0.0031473533619456365,0.002732532203061673,0.6549612286321791,0.5124927169630575,0.2010167164407732
C,AR,25.0,0.00357653791130186,6990.0,0.003108,21.72492,0.00357653791130186,0.003101793311583522,0.7037505780280169,0.4815881164517162,0.2025772304283898
C,AS,37.0,0.005293276108726753,6990.0,0.005994,41.89806,0.005293276108726753,0.005982029958053935,-0.7589840349311882,0.4478621071332527,-0.17935817382324937
C,AT,33.0,0.004721030042918455,6990.0,0.004588,32.07012,0.004721030042918455,0.004578837745670914,0.1645792877350967,0.8692751348794006,0.04123627240400364
C,AV,45.0,0.006437768240343348,6990.0,0.005032,35.17368,0.006437768240343348,0.00502195107589713,1.661029870023829,0.09670744779519126,0.3554287185117607
C,AW,6.0,0.0008583690987124463,6990.0,0.0009619999999999999,6.724379999999999,0.0008583690987124463,0.0009600788821568042,-0.27947909181247443,0.7798771813336234,-0.16443875398751034
C,AY,9.0,0.0012875536480686696,6990.0,0.002442,17.069580000000002,0.0012875536480686696,0.002437123316244196,-1.9555568049904457,0.05051738551014587,-0.9234306544837158
C,CA,11.0,0.0015736766809728183,6990.0,0.002442,17.069580000000002,0.0015736766809728183,0.002437123316244196,-1.470883053694729,0.141322746335384,-0.6339240372887308
C,CC,0.0,0.0,6990.0,0.0010890000000000001,7.612110000000001,0.0,0.0010868252626494387,-2.760508761984395,0.00577114099035666,-inf
C,CD,7.0,0.0010014306151645207,6990.0,0.001947,13.60953,0.0010014306151645207,0.0019431118332217234,-1.7933795464411642,0.07291225580137412,-0.9591904176013153
C,CE,6.0,0.0008583690987124463,6990.0,0.0019140000000000001,13.378860000000001,0.0008583690987124463,0.001910177734353559,-2.019276234622824,0.0434585165571764,-1.1569207847034941
C,CF,2.0,0.0002861230329041488,6990.0,0.00132,9.2268,0.0002861230329041488,0.0013173639547265923,-2.380714439924949,0.017279100779170668,-2.2058303851844405
C,CG,4.0,0.0005722460658082976,6990.0,0.002442,17.069580000000002,0.0005722460658082976,0.002437123316244196,-3.1672411832297382,0.0015389262790909393,-2.093355655926028
C,CH,1.0,0.0001430615164520744,6990.0,0.0009570000000000001,6.689430000000001,0.0001430615164520744,0.0009550888671767795,-2.200807772128639,0.027749635151768655,-2.74188328542465
C,CI,10.0,0.001430615164520744,6990.0,0.0012540000000000001,8.765460000000001,0.001430615164520744,0.0012514957569902626,0.4172441759525736,0.676499815994223,0.19009829114669857
C,CK,13.0,0.0018597997138769672,6990.0,0.002376,16.608240000000002,0.0018597997138769672,0.0023712551185078663,-0.8864416764361113,0.3753795695999078,-0.35338757359829837
C,CL,6.0,0.0008583690987124463,6990.0,0.0025080000000000002,17.530920000000002,0.0008583690987124463,0.0025029915139805252,-2.7574452267817304,0.005825497209153036,-1.5468673030195077
C,CM,3.0,0.00042918454935622315,6990.0,0.000594,4.1520600000000005,0.00042918454935622315,0.0005928137796269666,-0.5655516990201273,0.5716985703058902,-0.4688647910182344
C,CN,4.0,0.0005722460658082976,6990.0,0.001452,10.14948,0.0005722460658082976,0.0014491003501992516,-1.931665949124305,0.05340075016678025,-1.3433339089343752
C,CP,0.0,0.0,6990.0,0.0016500000000000002,11.533500000000002,0.0,0.0016467049434082406,-3.3989059602832943,0.0006765597450203592,-inf
C,CQ,10.0,0.001430615164520744,6990.0,0.001221,8.534790000000001,0.001430615164520744,0.001218561658122098,0.5018440194666799,0.615777245954054,0.22857243896133442
C,CR,10.0,0.001430615164520744,6990.0,0.001386,9.68814,0.001430615164520744,0.001383232152462922,0.10026298874580603,0.9201355400885598,0.04570838181152371
C,CS,12.0,0.0017167381974248926,6990.0,0.002673,18.68427,0.0017167381974248926,0.0026676620083213496,-1.5484497940766824,0.12151404055780624,-0.6387897924605468
C,CT,15.0,0.002145922746781116,6990.0,0.002046,14.301540000000001,0.002145922746781116,0.002041914129826218,0.18488210424091847,0.8533215077573493,0.0687919949245651
C,CV,12.0,0.0017167381974248926,6990.0,0.0022440000000000003,15.685560000000002,0.0017167381974248926,0.002239518723035207,-0.9316253504109006,0.3515301773624748,-0.3864026308262616
C,CW,0.0,0.0,6990.0,0.000429,2.99871,0.0,0.00042814328528614244,-1.7320499411715726,0.08326467091020621,-inf
C,CY,10.0,0.001430615164520744,6990.0,0.0010890000000000001,7.612110000000001,0.001430615164520744,0.0010868252626494387,0.8659611155980291,0.38651148594784135,0.39363168523183073
C,DA,8.0,0.0011444921316165952,6990.0,0.004365999999999999,30.518339999999995,0.0011444921316165952,0.004357281080557804,-4.08513167068132,4.405182881241069e-05,-1.9316045859294153
C,DC,0.0,0.0,6990.0,0.001947,13.60953,0.0,0.0019431118332217234,-3.692706249714793,0.00022188026242384872,-inf
C,DD,4.0,0.0005722460658082976,6990.0,0.0034809999999999997,24.332189999999997,0.0005722460658082976,0.003474048429093384,-4.129055953958386,3.642557583199818e-05,-2.6047942696623068
C,DE,8.0,0.0011444921316165952,6990.0,0.003422,23.91978,0.0011444921316165952,0.0034151662523290898,-3.2606397862823013,0.0011116115924607213,-1.5801322154280382
C,DF,1.0,0.0001430615164520744,6990.0,0.00236,16.4964,0.0001430615164520744,0.0023552870705717864,-3.8198763226990904,0.0001335186059750033,-4.044079315187829
C,DG,9.0,0.0012875536480686696,6990.0,0.004365999999999999,30.518339999999995,0.0012875536480686696,0.004357281080557804,-3.9037181352838917,9.472609462574385e-05,-1.761679584487103
C,DH,0.0,0.0,6990.0,0.001711,11.95989,0.0,0.0017075831261645449,-3.4612697734543545,0.0005376337562780438,-inf
C,DI,5.0,0.000715307582260372,6990.0,0.0022419999999999996,15.671579999999997,0.000715307582260372,0.002237522717043196,-2.698731778922438,0.006960425003388987,-1.6481506388566887
C,DK,9.0,0.0012875536480686696,6990.0,0.004247999999999999,29.693519999999996,0.0012875536480686696,0.004239516727029214,-3.805642035935209,0.00014143681892106864,-1.7221512203004656
C,DL,14.0,0.0020028612303290413,6990.0,0.004483999999999999,31.343159999999994,0.0020028612303290413,0.004475045434086392,-3.104793486727829,0.001904119185620558,-1.1627238116864471
C,DM,3.0,0.00042918454935622315,6990.0,0.0010619999999999998,7.423379999999999,0.00042918454935622315,0.0010598791817573036,-1.6243669202940973,0.10429752266276032,-1.307113721021622
C,DN,2.0,0.0002861230329041488,6990.0,0.002596,18.14604,0.0002861230329041488,0.0025908157776289645,-3.795242575415064,0.00014749916929933127,-3.181582838937763
C,DP,1.0,0.0001430615164520744,6990.0,0.00295,20.6205,0.0001430615164520744,0.0029441088382147324,-4.327150553591874,1.5105071935866845e-05,-4.36600741007519
C,DQ,5.0,0.000715307582260372,6990.0,0.0021829999999999996,15.259169999999997,0.000715307582260372,0.002178640540278902,-2.6291860615409606,0.00855895177125133,-1.6096764910420531
C,DR,5.0,0.000715307582260372,6990.0,0.002478,17.32122,0.000715307582260372,0.0024730514241003755,-2.964170848930032,0.0030349973265647034,-1.792540548191864
C,DS,12.0,0.0017167381974248926,6990.0,0.004779,33.405210000000004,0.0017167381974248926,0.004769456317907868,-3.7123817077417307,0.00020531802871491718,-1.4770387224639345
C,DT,2.0,0.0002861230329041488,6990.0,0.003658,25.569419999999997,0.0002861230329041488,0.003650694959386268,-4.669649005374484,3.017147910325015e-06,-3.676347530687341
C,DV,12.0,0.0017167381974248926,6990.0,0.004012,28.043879999999998,0.0017167381974248926,0.004003988019972036,-3.035731115129205,0.0023995324589956143,-1.224651560829649
C,DW,1.0,0.0001430615164520744,6990.0,0.0007669999999999999,5.361329999999999,0.0001430615164520744,0.0007654682979358302,-1.884296731498391,0.05952484929643359,-2.422590938441558
C,DY,4.0,0.0005722460658082976,6990.0,0.001947,13.60953,0.0005722460658082976,0.0019431118332217234,-2.607376704987005,0.009123892230250442,-1.7665453396589192
C,EA,40.0,0.005722460658082976,6990.0,0.004292,30.001079999999998,0.005722460658082976,0.004283428858853434,1.8294420235391768,0.06733341707632255,0.41498556319221586
C,EC,2.0,0.0002861230329041488,6990.0,0.0019140000000000001,13.378860000000001,0.0002861230329041488,0.001910177734353559,-3.113903987214863,0.0018462955988886548,-2.74188328542465
C,ED,14.0,0.0020028612303290413,6990.0,0.003422,23.91978,0.0020028612303290413,0.0034151662523290898,-2.0317384624138937,0.042180139936000484,-0.772777293370434
C,EE,19.0,0.0027181688125894133,6990.0,0.0033640000000000002,23.51436,0.0027181688125894133,0.0033572820785608003,-0.932526801245628,0.35106434248026364,-0.30754264775018364
C,EF,4.0,0.0005722460658082976,6990.0,0.00232,16.2168,0.0005722460658082976,0.002315366950731586,-3.037240978247926,0.002387545012844051,-2.019417260953559
C,EG,25.0,0.00357653791130186,6990.0,0.004292,30.001079999999998,0.00357653791130186,0.004283428858853434,-0.9150174133887763,0.3601824885988425,-0.2630863419204218
C,EH,5.0,0.000715307582260372,6990.0,0.0016820000000000001,11.75718,0.000715307582260372,0.0016786410392804001,-1.972329423002227,0.048572012893767454,-1.2335420663064067
C,EI,4.0,0.0005722460658082976,6990.0,0.0022040000000000002,15.405960000000002,0.0005722460658082976,0.0021995986031950075,-2.909153130043689,0.0036240930093717613,-1.9454166795097825
C,EK,5.0,0.000715307582260372,6990.0,0.004176,29.19024,0.000715307582260372,0.004167660511316855,-4.486731180847831,7.232423376645295e-06,-2.545486072621147
C,EL,4.0,0.0005722460658082976,6990.0,0.0044080000000000005,30.811920000000004,0.0005722460658082976,0.004399197206390015,-4.840919212542092,1.2923990925324023e-06,-2.9454166795097825
C,EM,8.0,0.0011444921316165952,6990.0,0.001044,7.29756,0.0011444921316165952,0.0010419151278292138,0.2601640095567002,0.7947372647775749,0.13258583249149103
C,EN,11.0,0.0015736766809728183,6990.0,0.002552,17.83848,0.0015736766809728183,0.002546903645804745,-1.6211960102843264,0.10497560816170438,-0.6974891660661968
C,EP,0.0,0.0,6990.0,0.0029000000000000002,20.271,0.0,0.002894208688414483,-4.508875344799113,6.517218558047796e-06,-inf
C,EQ,8.0,0.0011444921316165952,6990.0,0.002146,15.000539999999999,0.0011444921316165952,0.002141714429426717,-1.8094416946280798,0.07038241056734781,-0.9069425316951463
C,ER,16.0,0.0022889842632331904,6990.0,0.0024360000000000002,17.02764,0.0022889842632331904,0.002431135298268166,-0.24934082185199805,0.803097156949144,-0.08980658884495715
C,ES,34.0,0.004864091559370529,6990.0,0.004698000000000001,32.839020000000005,0.004864091559370529,0.004688618075231463,0.2030730098719675,0.8390779671872142,0.0501236722995176
C,ET,19.0,0.0027181688125894133,6990.0,0.0035960000000000002,25.13604,0.0027181688125894133,0.003588818773633959,-1.226089071623046,0.2201651578946764,-0.40375796300948663
C,EV,5.0,0.000715307582260372,6990.0,0.0039440000000000005,27.56856,0.000715307582260372,0.0039361238162436965,-4.3068022433024025,1.656315620599817e-05,-2.463023912429174
C,EW,1.0,0.0001430615164520744,6990.0,0.000754,5.27046,0.0001430615164520744,0.0007524942589877655,-1.860862089526868,0.06276365460760491,-2.397928884207289
C,EY,5.0,0.000715307582260372,6990.0,0.0019140000000000001,13.378860000000001,0.000715307582260372,0.001910177734353559,-2.2929331727708337,0.02185185263676942,-1.4199551905372878
C,FA,56.0,0.008011444921316165,6990.0,0.00296,20.6904,0.008011444921316165,0.0029540888681747826,7.774134737427419,7.596484960621181e-15,1.4364652906026671
C,FC,19.0,0.0027181688125894133,6990.0,0.00132,9.2268,0.0027181688125894133,0.0013173639547265923,3.2195713682784235,0.0012838239939979227,1.0420971282591451
C,FD,31.0,0.004434907010014306,6990.0,0.00236,16.4964,0.004434907010014306,0.0023552870705717864,3.5751502435338876,0.00035002682867375367,0.9101169951990469
C,FE,56.0,0.008011444921316165,6990.0,0.00232,16.2168,0.008011444921316165,0.002315366950731586,9.890574068973288,4.5739737114174964e-23,1.787937661104045
C,FF,23.0,0.003290414878397711,6990.0,0.0016,11.184000000000001,0.003290414878397711,0.0015968047936079908,3.5360599300199937,0.00040614254628839225,1.0401975953436633
C,FG,58.0,0.008297567954220314,6990.0,0.00296,20.6904,0.008297567954220314,0.0029540888681747826,8.214475876235415,2.1309292881817244e-16,1.4870913636726353
C,FH,22.0,0.0031473533619456365,6990.0,0.00116,8.1084,0.0031473533619456365,0.001157683475365793,4.881313760717351,1.0538141758544394e-06,1.440014357683738
C,FI,16.0,0.0022889842632331904,6990.0,0.00152,10.6248,0.0022889842632331904,0.001516964553927591,1.6503063135490028,0.09888030163391053,0.5906362207304275
C,FK,54.0,0.007725321888412017,6990.0,0.0028799999999999997,20.1312,0.007725321888412017,0.002874248628494383,7.559468541760781,4.047195559694129e-14,1.4235262348951694
C,FL,53.0,0.007582260371959942,6990.0,0.00304,21.2496,0.007582260371959942,0.003033929107855182,6.898186858528408,5.267043842113337e-12,1.3185566752936266
C,FM,16.0,0.0022889842632331904,6990.0,0.0007199999999999999,5.0328,0.0022889842632331904,0.0007185621571235958,4.890433183592048,1.0061430834030004e-06,1.668638732731701
C,FN,30.0,0.004291845493562232,6990.0,0.0017599999999999998,12.302399999999999,0.004291845493562232,0.0017564852729687894,5.050123153531291,4.415253206745895e-07,1.2860227111452343
C,FP,0.0,0.0,6990.0,0.002,13.98,0.0,0.0019960059920099884,-3.7427284208267273,0.00018203293321295553,-inf
C,FQ,30.0,0.004291845493562232,6990.0,0.00148,10.3452,0.004291845493562232,0.0014770444340873913,6.115342695945621,9.63496831163051e-10,1.5360009641535817
C,FR,38.0,0.0054363376251788265,6990.0,0.00168,11.7432,0.0054363376251788265,0.00167664503328839,7.6685575566164115,1.7394130676918987e-14,1.694173824838838
C,FS,72.0,0.010300429184549357,6990.0,0.0032400000000000003,22.6476,0.010300429184549357,0.003233529707056181,10.387281073194377,2.833144299541988e-25,1.6686387327317005
C,FT,47.0,0.006723891273247497,6990.0,0.00248,17.3352,0.006723891273247497,0.0024750474300923855,7.133722155622045,9.769043198636824e-13,1.4389562754647751
C,FV,51.0,0.007296137339055794,6990.0,0.00272,19.012800000000002,0.007296137339055794,0.002714568149133584,7.345893557707907,2.0438898636941634e-13,1.423526234895169
C,FW,9.0,0.0012875536480686696,6990.0,0.00052,3.6348,0.0012875536480686696,0.0005189615579225969,2.8148716830020866,0.0048796713450429624,1.3080490174752335
C,FY,29.0,0.004148783977110157,6990.0,0.00132,9.2268,0.004148783977110157,0.0013173639547265923,6.513857137809819,7.324516353093272e-11,1.6521506099431316
C,GA,13.0,0.0018597997138769672,6990.0,0.005475999999999999,38.27723999999999,0.0018597997138769672,0.005465064406123346,-4.096865537958372,4.1878198533406086e-05,-1.5579751840554317
C,GC,2.0,0.0002861230329041488,6990.0,0.002442,17.069580000000002,0.0002861230329041488,0.002437123316244196,-3.6519149345254553,0.00026029211242834915,-3.093355655926028
C,GD,5.0,0.000715307582260372,6990.0,0.004365999999999999,30.518339999999995,0.000715307582260372,0.004357281080557804,-4.629372276873604,3.667758675458397e-06,-2.609676491042053
C,GE,5.0,0.000715307582260372,6990.0,0.004292,30.001079999999998,0.000715307582260372,0.004283428858853434,-4.574296662626047,4.7782240217490525e-06,-2.5850144368077843
C,GF,2.0,0.0002861230329041488,6990.0,0.00296,20.6904,0.0002861230329041488,0.0029540888681747826,-4.11507601038849,3.870518466549338e-05,-3.370889631454937
C,GG,8.0,0.0011444921316165952,6990.0,0.005475999999999999,38.27723999999999,0.0011444921316165952,0.005465064406123346,-4.907251786211419,9.236143119965509e-07,-2.258414902196524
C,GH,0.0,0.0,6990.0,0.002146,15.000539999999999,0.0,0.002141714429426717,-3.8772155459344995,0.00010565874649667037,-inf
C,GI,0.0,0.0,6990.0,0.002812,19.65588,0.0,0.0028063844247660434,-4.439741906761542,9.006682504910702e-06,-inf
C,GK,6.0,0.0008583690987124463,6990.0,0.005327999999999999,37.24272,0.0008583690987124463,0.005317359962714608,-5.133200103271156,2.8485676694863274e-07,-2.6339240372887307
C,GL,8.0,0.0011444921316165952,6990.0,0.005624,39.31176,0.0011444921316165952,0.005612768849532087,-5.008076090994951,5.497680154982181e-07,-2.29688905001116
C,GM,8.0,0.0011444921316165952,6990.0,0.0013319999999999999,9.31068,0.0011444921316165952,0.001329339990678652,-0.4298286948558759,0.6673202578014186,-0.21888653800988647
C,GN,22.0,0.0031473533619456365,6990.0,0.0032559999999999998,22.759439999999998,0.0031473533619456365,0.0032494977549922606,-0.15944865744871528,0.8733154061267767,-0.04896153656757445
C,GP,2.0,0.0002861230329041488,6990.0,0.0037,25.863,0.0002861230329041488,0.0036926110852184783,-4.701002976612091,2.588867408019049e-06,-3.692817726342299
C,GQ,5.0,0.000715307582260372,6990.0,0.0027379999999999995,19.138619999999996,0.000715307582260372,0.002732532203061673,-3.2362873600722346,0.0012109541089265496,-1.9364868073091617
C,GR,4.0,0.0005722460658082976,6990.0,0.003108,21.72492,0.0005722460658082976,0.003101793311583522,-3.8087383195220754,0.00013967768193222388,-2.441278959346335
C,GS,8.0,0.0011444921316165952,6990.0,0.005994,41.89806,0.0011444921316165952,0.005982029958053935,-5.252709512570184,1.4987782127158417e-07,-2.388811539452199
C,GT,7.0,0.0010014306151645207,6990.0,0.004588,32.07012,0.0010014306151645207,0.004578837745670914,-4.437155862082651,9.11552912364319e-06,-2.195802924896846
C,GV,6.0,0.0008583690987124463,6990.0,0.005032,35.17368,0.0008583690987124463,0.00502195107589713,-4.931485428778707,8.160665624799123e-07,-2.5514618770967576
C,GW,0.0,0.0,6990.0,0.0009619999999999999,6.724379999999999,0.0,0.0009600788821568042,-2.5943891540378923,0.009475916356279293,-inf
C,GY,4.0,0.0005722460658082976,6990.0,0.002442,17.069580000000002,0.0005722460658082976,0.002437123316244196,-3.1672411832297382,0.0015389262790909393,-2.093355655926028
C,HA,17.0,0.0024320457796852646,6990.0,0.002146,15.000539999999999,0.0024320457796852646,0.002141714429426717,0.5168038880916417,0.6052930656088797,0.18052030955519272
C,HC,1.0,0.0001430615164520744,6990.0,0.0009570000000000001,6.689430000000001,0.0001430615164520744,0.0009550888671767795,-2.200807772128639,0.027749635151768655,-2.74188328542465
C,HD,1.0,0.0001430615164520744,6990.0,0.001711,11.95989,0.0001430615164520744,0.0017075831261645449,-3.1718632844770855,0.0015146429343358483,-3.580132215428038
C,HE,6.0,0.0008583690987124463,6990.0,0.0016820000000000001,11.75718,0.0008583690987124463,0.0016786410392804001,-1.6804429521664308,0.09287116500526729,-0.970507660472613
C,HF,3.0,0.00042918454935622315,6990.0,0.00116,8.1084,0.00042918454935622315,0.001157683475365793,-1.795020243546353,0.07265047467494751,-1.434454760232403
C,HG,12.0,0.0017167381974248926,6990.0,0.002146,15.000539999999999,0.0017167381974248926,0.002141714429426717,-0.7755547689748704,0.4380119155603579,-0.3219800309739904
C,HH,0.0,0.0,6990.0,0.0008410000000000001,5.87859,0.0,0.0008393205196402001,-2.42560055563662,0.015283081216124388,-inf
C,HI,8.0,0.0011444921316165952,6990.0,0.0011020000000000001,7.702980000000001,0.0011444921316165952,0.0010997993015975037,0.10707688704618477,0.9147279831971971,0.05458332049021759
C,HK,11.0,0.0015736766809728183,6990.0,0.002088,14.59512,0.0015736766809728183,0.0020838302556584276,-0.9420271799541221,0.34617872454636367,-0.407982548871212
C,HL,10.0,0.001430615164520744,6990.0,0.0022040000000000002,15.405960000000002,0.001430615164520744,0.0021995986031950075,-1.3788199726187873,0.16795026712080008,-0.62348858462242
C,HM,3.0,0.00042918454935622315,6990.0,0.000522,3.64878,0.00042918454935622315,0.0005209575639146069,-0.33973242135688314,0.7340580436977169,-0.282451666787353
C,HN,8.0,0.0011444921316165952,6990.0,0.001276,8.91924,0.0011444921316165952,0.0012734518229023724,-0.30799399267922617,0.758086903450353,-0.15692078470349388
C,HP,0.0,0.0,6990.0,0.0014500000000000001,10.1355,0.0,0.0014471043442072415,-3.185940648510728,0.0014428419365400975,-inf
C,HQ,4.0,0.0005722460658082976,6990.0,0.001073,7.5002699999999995,0.0005722460658082976,0.0010708572147133586,-1.278781135620137,0.20097413870743197,-0.9069425316951463
C,HR,16.0,0.0022889842632331904,6990.0,0.0012180000000000001,8.51382,0.0022889842632331904,0.001215567649134083,2.567217589690987,0.010251825957646721,0.9101934111550428
C,HS,30.0,0.004291845493562232,6990.0,0.0023490000000000004,16.419510000000002,0.004291845493562232,0.0023443090376157314,3.3554133083906734,0.0007924648995097283,0.8695514266576968
C,HT,10.0,0.001430615164520744,6990.0,0.0017980000000000001,12.56802,0.001430615164520744,0.0017944093868169796,-0.7250296249102469,0.4684338562622459,-0.3297573815657097
C,HV,7.0,0.0010014306151645207,6990.0,0.0019720000000000002,13.78428,0.0010014306151645207,0.0019680619081218482,-1.8291122474860124,0.06738279458526952,-0.9775970852589324
C,HW,0.0,0.0,6990.0,0.000377,2.63523,0.0,0.00037624712949388276,-1.6236452372343722,0.10445154488280686,-inf
C,HY,0.0,0.0,6990.0,0.0009570000000000001,6.689430000000001,0.0,0.0009550888671767795,-2.5876317197171743,0.009663823990404496,-inf
C,IA,5.0,0.000715307582260372,6990.0,0.002812,19.65588,0.000715307582260372,0.0028063844247660434,-3.310374535073899,0.0009317121089955829,-1.9749609551237974
C,IC,0.0,0.0,6990.0,0.0012540000000000001,8.765460000000001,0.0,0.0012514957569902626,-2.9625100317083684,0.003051418660209298,-inf
C,ID,0.0,0.0,6990.0,0.0022419999999999996,15.671579999999997,0.0,0.002237522717043196,-3.963179863893192,7.3958018006343e-05,-inf
C,IE,0.0,0.0,6990.0,0.0022040000000000002,15.405960000000002,0.0,0.0021995986031950075,-3.9293752349936235,8.516685155835889e-05,-inf
C,IF,0.0,0.0,6990.0,0.00152,10.6248,0.0,0.001516964553927591,-3.2620506251293797,0.001106093882540691,-inf
C,IG,19.0,0.0027181688125894133,6990.0,0.002812,19.65588,0.0027181688125894133,0.0028063844247660434,-0.1481458943484983,0.882227630569452,-0.04896153656757445
C,IH,0.0,0.0,6990.0,0.0011020000000000001,7.702980000000001,0.0,0.0010997993015975037,-2.776954815766686,0.00548708063230871,-inf
C,II,0.0,0.0,6990.0,0.001444,10.09356,0.0,0.0014411163262312114,-3.1793326622925666,0.001476145734597354,-inf
C,IK,0.0,0.0,6990.0,0.0027359999999999997,19.12464,0.0,0.002730536197069664,-4.379167565764629,1.1913350395316897e-05,-inf
C,IL,0.0,0.0,6990.0,0.002888,20.18712,0.0,0.002882232652462423,-4.4995098912868325,6.811031080408413e-06,-inf
C,IM,0.0,0.0,6990.0,0.0006839999999999999,4.78116,0.0,0.000682634049267416,-2.1873345770287353,0.028718108319089594,-inf
C,IN,0.0,0.0,6990.0,0.0016719999999999999,11.68728,0.0,0.00166866100932035,-3.421528000711574,0.000622703126060799,-inf
C,IP,0.0,0.0,6990.0,0.0019,13.281,0.0,0.0018962056924094889,-3.6477776708124345,0.0002645183761756968,-inf
C,IQ,0.0,0.0,6990.0,0.001406,9.82794,0.0,0.0014031922123830217,-3.1371607448806547,0.0017059257115209022,-inf
C,IR,0.0,0.0,6990.0,0.001596,11.156039999999999,0.0,0.0015928127816239705,-3.342734434876538,0.0008295724906269706,-inf
C,IS,10.0,0.001430615164520744,6990.0,0.003078,21.51522,0.001430615164520744,0.0030718532217033716,-2.486387157714371,0.012904748819643793,-1.1053575923794725
C,IT,12.0,0.0017167381974248926,6990.0,0.002356,16.46844,0.0017167381974248926,0.0023512950585877664,-1.1024068481270033,0.270284835670192,-0.45666949404792934
C,IV,2.0,0.0002861230329041488,6990.0,0.002584,18.06216,0.0002861230329041488,0.0025788397416769047,-3.7842597615529305,0.0001541667414471372,-3.1748985256325493
C,IW,5.0,0.000715307582260372,6990.0,0.000494,3.45306,0.000715307582260372,0.0004930134800264671,0.8326810942922391,0.40502460972335597,0.53405269236406
C,IY,1.0,0.0001430615164520744,6990.0,0.0012540000000000001,8.765460000000001,0.0001430615164520744,0.0012514957569902626,-2.6245346109422742,0.008676747352527853,-3.1318298037406636
C,KA,67.0,0.009585121602288985,6990.0,0.005327999999999999,37.24272,0.009585121602288985,0.005317359962714608,4.88914130296814,1.0127678170109372e-06,0.8472026524478858
C,KC,7.0,0.0010014306151645207,6990.0,0.002376,16.608240000000002,0.0010014306151645207,0.0023712551185078663,-2.3604705821121943,0.018251765860463058,-1.2464723696817865
C,KD,36.0,0.005150214592274678,6990.0,0.004247999999999999,29.693519999999996,0.005150214592274678,0.004239516727029214,1.159793277643664,0.24613298170839226,0.27784877969953437
C,KE,44.0,0.006294706723891273,6990.0,0.004176,29.19024,0.006294706723891273,0.004167660511316855,2.7468686533441984,0.006016722479693584,0.592017451128788
C,KF,19.0,0.0027181688125894133,6990.0,0.0028799999999999997,20.1312,0.0027181688125894133,0.002874248628494383,-0.2524822495760048,0.8006683325633588,-0.08343375382471391
C,KG,84.0,0.01201716738197425,6990.0,0.005327999999999999,37.24272,0.01201716738197425,0.005317359962714608,7.682252842411878,1.5631492794324374e-14,1.1734308847688737
C,KH,35.0,0.005007153075822604,6990.0,0.002088,14.59512,0.005007153075822604,0.0020838302556584276,5.346678709946334,8.958282779702082e-08,1.2618688494364574
C,KI,31.0,0.004434907010014306,6990.0,0.0027359999999999997,19.12464,0.004434907010014306,0.002730536197069664,2.7192245890002984,0.006543516187679081,0.6968356245623528
C,KK,62.0,0.008869814020028613,6990.0,0.005183999999999999,36.23616,0.008869814020028613,0.005173647531289889,4.291094989056005,1.777942362652266e-05,0.774838136563626
C,KL,71.0,0.010157367668097281,6990.0,0.0054719999999999994,38.24928,0.010157367668097281,0.005461072394139328,5.3100757007065935,1.0957971023075353e-07,0.8923864336801597
C,KM,28.0,0.004005722460658083,6990.0,0.0012959999999999998,9.05904,0.004005722460658083,0.0012934118828224722,6.297127745538013,3.0321139351481473e-10,1.627996748234355
C,KN,40.0,0.005722460658082976,6990.0,0.0031679999999999994,22.144319999999997,0.005722460658082976,0.003161673491343821,3.8004430960571494,0.00014443758448580554,0.8530633038691283
C,KP,0.0,0.0,6990.0,0.0036,25.163999999999998,0.0,0.0035928107856179783,-5.025427116547751,5.023133126134999e-07,-inf
C,KQ,27.0,0.0038626609442060085,6990.0,0.0026639999999999997,18.62136,0.0038626609442060085,0.002658679981357304,1.9442275138685277,0.05186802128067886,0.5360009641535819
C,KR,40.0,0.005722460658082976,6990.0,0.0030239999999999998,21.13776,0.005722460658082976,0.0030179610599191022,4.10886084538715,3.97615558544846e-05,0.920177499727665
C,KS,56.0,0.008011444921316165,6990.0,0.0058319999999999995,40.765679999999996,0.008011444921316165,0.005820353472701125,2.3930172996198222,0.016710453162201783,0.4580717467920424
C,KT,41.0,0.00586552217453505,6990.0,0.004463999999999999,31.203359999999993,0.00586552217453505,0.004455085374166293,1.75771307653753,0.07879634173572354,0.3939225218502718
C,KV,60.0,0.008583690987124463,6990.0,0.004896,34.223040000000005,0.008583690987124463,0.004886222668440451,4.417109537140863,1.0002954541164291e-05,0.8099945819772421
C,KW,10.0,0.001430615164520744,6990.0,0.0009359999999999999,6.54264,0.001430615164520744,0.0009341308042606744,1.3522949800624164,0.17628096964874784,0.6120552043653332
C,KY,27.0,0.0038626609442060085,6990.0,0.002376,16.608240000000002,0.0038626609442060085,0.0023712551185078663,2.5529591034747474,0.010681203702704006,0.701060210424078
C,LA,136.0,0.019456366237482117,6990.0,0.005624,39.31176,0.019456366237482117,0.005612768849532087,15.464543130899754,6.01988452759148e-54,1.7905737912391795
C,LC,27.0,0.0038626609442060085,6990.0,0.0025080000000000002,17.530920000000002,0.0038626609442060085,0.0025029915139805252,2.264387355736952,0.023550300968121687,0.6230576984228048
C,LD,62.0,0.008869814020028613,6990.0,0.004483999999999999,31.343159999999994,0.008869814020028613,0.004475045434086392,5.488224588578853,4.059936631651508e-08,0.9841175766428241
C,LE,124.0,0.017739628040057225,6990.0,0.0044080000000000005,30.811920000000004,0.017739628040057225,0.004399197206390015,16.825201882293747,1.5951705039225922e-63,2.008779630877093
C,LF,42.0,0.006008583690987125,6990.0,0.00304,21.2496,0.006008583690987125,0.003033929107855182,4.508293961310972,6.535098991275754e-06,0.9829536435091877
C,LG,120.0,0.017167381974248927,6990.0,0.005624,39.31176,0.017167381974248927,0.005612768849532087,12.905465728162916,4.192728973157952e-38,1.6100015455973586
C,LH,28.0,0.004005722460658083,6990.0,0.0022040000000000002,15.405960000000002,0.004005722460658083,0.0021995986031950075,3.212179499655917,0.0013173204067886005,0.8619382425478215
C,LI,44.0,0.006294706723891273,6990.0,0.002888,20.18712,0.006294706723891273,0.002882232652462423,5.3076560252292735,1.110439422591093e-07,1.1240684208115015
C,LK,111.0,0.01587982832618026,6990.0,0.0054719999999999994,38.24928,0.01587982832618026,0.005461072394139328,11.79552176199208,4.11641378220359e-32,1.5370551805255839
C,LL,117.0,0.016738197424892704,6990.0,0.005776,40.37424,0.016738197424892704,0.005764465304924846,12.094293218622566,1.1321237419865118e-33,1.535001521757609
C,LM,48.0,0.0068669527896995704,6990.0,0.0013679999999999999,9.56232,0.0068669527896995704,0.001365268098534832,12.438636921025031,1.612318356340818e-35,2.3276018148966338
C,LN,74.0,0.010586552217453506,6990.0,0.0033439999999999998,23.37456,0.010586552217453506,0.0033373220186407,10.4887671873276,9.728947664720982e-26,1.6625860626094426
C,LP,0.0,0.0,6990.0,0.0038,26.562,0.0,0.0037924113848189778,-5.163653805044421,2.421754148987081e-07,-inf
C,LQ,67.0,0.009585121602288985,6990.0,0.002812,19.65588,0.009585121602288985,0.0028063844247660434,10.693780873852877,1.0884154031186877e-26,1.7692001404466127
C,LR,105.0,0.015021459227467811,6990.0,0.003192,22.312079999999998,0.015021459227467811,0.003185625563247941,17.533405656459927,7.965249867893393e-69,2.234492410505152
C,LS,143.0,0.020457796852646638,6990.0,0.006156,43.03044,0.020457796852646638,0.006143706443406743,15.286947606419341,9.342756428430666e-53,1.7325856495115546
C,LT,88.0,0.012589413447782546,6990.0,0.004712,32.93688,0.012589413447782546,0.004702590117175533,9.6171237213045,6.769767891719147e-22,1.4177996238682118
C,LV,101.0,0.014449213161659513,6990.0,0.005168,36.12432,0.014449213161659513,0.005157679483353809,10.821992020870429,2.7082606263577986e-27,1.4833129571192452
C,LW,16.0,0.0022889842632331904,6990.0,0.000988,6.90612,0.0022889842632331904,0.0009860269600529342,3.4621573851949385,0.0005358636971112761,1.2121245974766977
C,LY,29.0,0.004148783977110157,6990.0,0.0025080000000000002,17.530920000000002,0.004148783977110157,0.0025029915139805252,2.742657125500636,0.006094428488321806,0.7261511913869083
C,MA,6.0,0.0008583690987124463,6990.0,0.0013319999999999999,9.31068,0.0008583690987124463,0.001329339990678652,-1.0857152497066047,0.27760499173929387,-0.6339240372887306
C,MC,2.0,0.0002861230329041488,6990.0,0.000594,4.1520600000000005,0.0002861230329041488,0.0005928137796269666,-1.0564564253539352,0.290759738680892,-1.0538272917393905
C,MD,0.0,0.0,6990.0,0.0010619999999999998,7.423379999999999,0.0,0.0010598791817573036,-2.726035951867757,0.006410001598308554,-inf
C,ME,8.0,0.0011444921316165952,6990.0,0.001044,7.29756,0.0011444921316165952,0.0010419151278292138,0.2601640095567002,0.7947372647775749,0.13258583249149103
C,MF,0.0,0.0,6990.0,0.0007199999999999999,5.0328,0.0,0.0007185621571235958,-2.244198348382637,0.02481964226468517,-inf
C,MG,4.0,0.0005722460658082976,6990.0,0.0013319999999999999,9.31068,0.0005722460658082976,0.001329339990678652,-1.741601804557333,0.08157814538317223,-1.2188865380098866
C,MH,0.0,0.0,6990.0,0.000522,3.64878,0.0,0.0005209575639146069,-1.9106767539051261,0.05604613394623937,-inf
C,MI,2.0,0.0002861230329041488,6990.0,0.0006839999999999999,4.78116,0.0002861230329041488,0.000682634049267416,-1.272353870660935,0.20324741613442077,-1.2573606858245223
C,MK,0.0,0.0,6990.0,0.0012959999999999998,9.05904,0.0,0.0012934118828224722,-3.011776178817688,0.0025972402161759953,-inf
C,ML,5.0,0.000715307582260372,6990.0,0.0013679999999999999,9.56232,0.000715307582260372,0.001365268098534832,-1.4763909267554884,0.1398389770374081,-0.93543259093716
C,MM,1.0,0.0001430615164520744,6990.0,0.00032399999999999996,2.26476,0.0001430615164520744,0.00032335297070561805,-0.8405574389713293,0.40059591056996224,-1.1793581738232493
C,MN,5.0,0.000715307582260372,6990.0,0.0007919999999999998,5.536079999999999,0.000715307582260372,0.0007904183728359552,-0.2279294670441465,0.8197010742097782,-0.14693669613087165
C,MP,0.0,0.0,6990.0,0.0009,6.2909999999999995,0.0,0.0008982026964044946,-2.5093160423311107,0.012096520304508099,-inf
C,MQ,1.0,0.0001430615164520744,6990.0,0.0006659999999999999,4.65534,0.0001430615164520744,0.000664669995339326,-1.6947152780439882,0.09012944597947814,-2.2188865380098863
C,MR,0.0,0.0,6990.0,0.0007559999999999999,5.28444,0.0,0.0007544902649797756,-2.299660422578241,0.021467466002705417,-inf
C,MS,1.0,0.0001430615164520744,6990.0,0.0014579999999999999,10.191419999999999,0.0001430615164520744,0.0014550883681752813,-2.881257633848836,0.003960917302091992,-3.3492831752655614
C,MT,1.0,0.0001430615164520744,6990.0,0.0011159999999999998,7.800839999999998,0.0001430615164520744,0.0011137713435415732,-2.436320076373373,0.014837548870027863,-2.963629482767812
C,MV,1.0,0.0001430615164520744,6990.0,0.001224,8.555760000000001,0.0001430615164520744,0.0012215556671101128,-2.584727769939392,0.009745591084616928,-3.096896013631276
C,MW,0.0,0.0,6990.0,0.00023399999999999997,1.63566,0.0,0.0002335327010651686,-1.279078900624649,0.20086927282180167,-inf
C,MY,0.0,0.0,6990.0,0.000594,4.1520600000000005,0.0,0.0005928137796269666,-2.038265878021552,0.04152335036512722,-inf
C,NA,23.0,0.003290414878397711,6990.0,0.0032559999999999998,22.759439999999998,0.003290414878397711,0.0032494977549922606,0.050506911718981515,0.9597184416808856,0.0151688008521413
C,NC,12.0,0.0017167381974248926,6990.0,0.001452,10.14948,0.0017167381974248926,0.0014491003501992516,0.5812827218193259,0.5610499235892383,0.2416285917867808
C,ND,5.0,0.000715307582260372,6990.0,0.002596,18.14604,0.000715307582260372,0.0025908157776289645,-3.0900710456625555,0.002001086227918261,-1.8596547440504005
C,NE,6.0,0.0008583690987124463,6990.0,0.002552,17.83848,0.0008583690987124463,0.002546903645804745,-2.806544223837869,0.005007603828426615,-1.5719582839823378
C,NF,10.0,0.001430615164520744,6990.0,0.0017599999999999998,12.302399999999999,0.001430615164520744,0.0017564852729687894,-0.6570045400896414,0.5111779972049495,-0.2989397895759218
C,NG,22.0,0.0031473533619456365,6990.0,0.0032559999999999998,22.759439999999998,0.0031473533619456365,0.0032494977549922606,-0.15944865744871528,0.8733154061267767,-0.04896153656757445
C,NH,3.0,0.00042918454935622315,6990.0,0.001276,8.91924,0.00042918454935622315,0.0012734518229023724,-1.983258301669405,0.047338584552549766,-1.5719582839823378
C,NI,6.0,0.0008583690987124463,6990.0,0.0016719999999999999,11.68728,0.0008583690987124463,0.00166866100932035,-1.6649885831337077,0.09591503359465357,-0.9619048022983511
C,NK,14.0,0.0020028612303290413,6990.0,0.0031679999999999994,22.144319999999997,0.0020028612303290413,0.003161673491343821,-1.7334553887659359,0.08301476011957161,-0.6615098689606301
C,NL,21.0,0.0030042918454935624,6990.0,0.0033439999999999998,23.37456,0.0030042918454935624,0.0033373220186407,-0.4919701836140208,0.6227404217995072,-0.154549880240747
C,NM,13.0,0.0018597997138769672,6990.0,0.0007919999999999998,5.536079999999999,0.0018597997138769672,0.0007904183728359552,3.1734952015746716,0.0015061539140283039,1.2315749271228582
C,NN,8.0,0.0011444921316165952,6990.0,0.0019359999999999998,13.532639999999999,0.0011444921316165952,0.0019321338002656683,-1.505434804807018,0.13221232652302178,-0.7583714082132189
C,NP,0.0,0.0,6990.0,0.0022,15.378,0.0,0.002195606591210987,-3.92580007051123,8.644193345389523e-05,-inf
C,NQ,12.0,0.0017167381974248926,6990.0,0.0016279999999999999,11.379719999999999,0.0017167381974248926,0.0016247488774961303,0.18402456247264726,0.8539941859109914,0.07656934551628458
C,NR,7.0,0.0010014306151645207,6990.0,0.001848,12.91752,0.0010014306151645207,0.001844309536617229,-1.6479795662704242,0.09935686436806751,-0.8839022902970785
C,NS,28.0,0.004005722460658083,6990.0,0.003564,24.91236,0.004005722460658083,0.003556882677761799,0.6197185815070463,0.5354430800082577,0.1685651295970573
C,NT,16.0,0.0022889842632331904,6990.0,0.002728,19.06872,0.0022889842632331904,0.002722552173101624,-0.7037034497768253,0.48161747152618806,-0.25313609996279696
C,NV,22.0,0.0031473533619456365,6990.0,0.002992,20.91408,0.0031473533619456365,0.002986024964046942,0.23780946058794533,0.8120288806597488,0.07302898781103596
C,NW,5.0,0.000715307582260372,6990.0,0.0005719999999999999,3.9982799999999994,0.000715307582260372,0.0005708577137148566,0.5011110579036936,0.6162929649482572,0.32254858717034834
C,NY,7.0,0.0010014306151645207,6990.0,0.001452,10.14948,0.0010014306151645207,0.0014491003501992516,-0.9893101975204435,0.3225113962859548,-0.5359789868767713
C,PA,0.0,0.0,6990.0,0.0037,25.863,0.0,0.0036926110852184783,-5.0950023041578385,3.4873701415507453e-07,-inf
C,PC,1.0,0.0001430615164520744,6990.0,0.0016500000000000002,11.533500000000002,0.0001430615164520744,0.0016467049434082406,-3.1042073900068567,0.0019078954381135259,-3.527758480071803
C,PD,0.0,0.0,6990.0,0.00295,20.6205,0.0,0.0029441088382147324,-4.5476928717586835,5.423720777574069e-06,-inf
C,PE,1.0,0.0001430615164520744,6990.0,0.0029000000000000002,20.271,0.0001430615164520744,0.002894208688414483,-4.286445501930032,1.8155471583726545e-05,-4.341345355840922
C,PF,0.0,0.0,6990.0,0.002,13.98,0.0,0.0019960059920099884,-3.7427284208267273,0.00018203293321295553,-inf
C,PG,0.0,0.0,6990.0,0.0037,25.863,0.0,0.0036926110852184783,-5.0950023041578385,3.4873701415507453e-07,-inf
C,PH,0.0,0.0,6990.0,0.0014500000000000001,10.1355,0.0,0.0014471043442072415,-3.185940648510728,0.0014428419365400975,-inf
C,PI,0.0,0.0,6990.0,0.0019,13.281,0.0,0.0018962056924094889,-3.6477776708124345,0.0002645183761756968,-inf
C,PK,0.0,0.0,6990.0,0.0036,25.163999999999998,0.0,0.0035928107856179783,-5.025427116547751,5.023133126134999e-07,-inf
C,PL,0.0,0.0,6990.0,0.0038,26.562,0.0,0.0037924113848189778,-5.163653805044421,2.421754148987081e-07,-inf
C,PM,1.0,0.0001430615164520744,6990.0,0.0009,6.2909999999999995,0.0001430615164520744,0.0008982026964044946,-2.1104420886939925,0.03482029439426826,-2.6532893621556615
C,PN,0.0,0.0,6990.0,0.0022,15.378,0.0,0.002195606591210987,-3.92580007051123,8.644193345389523e-05,-inf
C,PP,1.0,0.0001430615164520744,6990.0,0.0025000000000000005,17.475000000000005,0.0001430615164520744,0.002495007490012486,-3.9460299653956414,7.945767406731074e-05,-4.127220550488074
C,PQ,0.0,0.0,6990.0,0.00185,12.9315,0.0,0.0018463055426092391,-3.599370447048749,0.0003189885033255636,-inf
C,PR,1.0,0.0001430615164520744,6990.0,0.0021000000000000003,14.679000000000002,0.0001430615164520744,0.002095806291610488,-3.57406628733702,0.0003514798860481899,-3.87568178349211
C,PS,0.0,0.0,6990.0,0.004050000000000001,28.309500000000003,0.0,0.0040419121338202265,-5.331474440511255,9.741853441993977e-08,-inf
C,PT,0.0,0.0,6990.0,0.0031000000000000003,21.669000000000004,0.0,0.003093809287615482,-4.662229379453416,3.1280226636945883e-06,-inf
C,PV,0.0,0.0,6990.0,0.0034000000000000002,23.766000000000002,0.0,0.00339321018641698,-4.8833472201191706,1.042999694386967e-06,-inf
C,PW,0.0,0.0,6990.0,0.00065,4.5435,0.0,0.0006487019474032461,-2.132241823967751,0.032986971831041656,-inf
C,PY,0.0,0.0,6990.0,0.0016500000000000002,11.533500000000002,0.0,0.0016467049434082406,-3.3989059602832943,0.0006765597450203592,-inf
C,QA,73.0,0.01044349070100143,6990.0,0.0027379999999999995,19.138619999999996,0.01044349070100143,0.002732532203061673,12.32870699474542,6.345679285515935e-35,1.9314096566834933
C,QC,7.0,0.0010014306151645207,6990.0,0.001221,8.534790000000001,0.0010014306151645207,0.001218561658122098,-0.5256756250894182,0.5991136023122956,-0.286000733868424
C,QD,30.0,0.004291845493562232,6990.0,0.0021829999999999996,15.259169999999997,0.004291845493562232,0.002178640540278902,3.777731022250811,0.00015826367313765145,0.9752860096791031
C,QE,31.0,0.004434907010014306,6990.0,0.002146,15.000539999999999,0.004434907010014306,0.002141714429426717,4.135408127877876,3.543243496330543e-05,1.0472537786917286
C,QF,12.0,0.0017167381974248926,6990.0,0.00148,10.3452,0.0017167381974248926,0.0014770444340873913,0.5148701128096348,0.6066437870146777,0.21407286926621932
C,QG,50.0,0.00715307582260372,6990.0,0.0027379999999999995,19.138619999999996,0.00715307582260372,0.002732532203061673,7.064076551204155,1.6168759703055519e-12,1.3854412875782007
C,QH,4.0,0.0005722460658082976,6990.0,0.001073,7.5002699999999995,0.0005722460658082976,0.0010708572147133586,-1.278781135620137,0.20097413870743197,-0.9069425316951463
C,QI,43.0,0.0061516452074391985,6990.0,0.001406,9.82794,0.0061516452074391985,0.0014031922123830217,10.58879932710474,3.358721922997294e-26,2.129375704690938
C,QK,55.0,0.007868383404864092,6990.0,0.0026639999999999997,18.62136,0.007868383404864092,0.002658679981357304,8.441507548375174,3.132706894639655e-17,1.562473175514773
C,QL,29.0,0.004148783977110157,6990.0,0.002812,19.65588,0.004148783977110157,0.0028063844247660434,2.110588849026788,0.034807666960309305,0.5610919451164121
C,QM,29.0,0.004148783977110157,6990.0,0.0006659999999999999,4.65534,0.004148783977110157,0.000664669995339326,11.286848074539265,1.5240436809261474e-29,2.6390944571176855
C,QN,17.0,0.0024320457796852646,6990.0,0.0016279999999999999,11.379719999999999,0.0024320457796852646,0.0016247488774961303,1.6674236924836683,0.09543018601079056,0.5790696860454676
C,QP,0.0,0.0,6990.0,0.00185,12.9315,0.0,0.0018463055426092391,-3.599370447048749,0.0003189885033255636,-inf
C,QQ,54.0,0.007725321888412017,6990.0,0.0013689999999999998,9.569309999999998,0.007725321888412017,0.0013662661015308366,14.372761668856853,7.67102744775778e-47,2.4964725999669444
C,QR,34.0,0.004864091559370529,6990.0,0.001554,10.86246,0.004864091559370529,0.001550896655791761,7.025719338752017,2.129661674244125e-12,1.6461838819040044
C,QS,33.0,0.004721030042918455,6990.0,0.002997,20.94903,0.004721030042918455,0.0029910149790269673,2.6368887867641964,0.008367025797142165,0.6555825799062542
C,QT,25.0,0.00357653791130186,6990.0,0.002294,16.03506,0.00357653791130186,0.002289418872835457,2.241355786250477,0.02500303805408348,0.6406983428202749
C,QV,46.0,0.006580829756795422,6990.0,0.002516,17.58684,0.006580829756795422,0.002510975537948565,6.7837941583364065,1.1706008506823016e-11,1.3871375782390991
C,QW,11.0,0.0015736766809728183,6990.0,0.00048099999999999993,3.3621899999999996,0.0015736766809728183,0.0004800394410784021,4.166411846984025,3.0943146801642265e-05,1.710030363928631
C,QY,9.0,0.0012875536480686696,6990.0,0.001221,8.534790000000001,0.0012875536480686696,0.001218561658122098,0.159337471281314,0.8734030000435737,0.07656934551628428
C,RA,31.0,0.004434907010014306,6990.0,0.003108,21.72492,0.004434907010014306,0.003101793311583522,1.9930331201851863,0.04625782048815496,0.5129173510405405
C,RC,7.0,0.0010014306151645207,6990.0,0.001386,9.68814,0.0010014306151645207,0.001383232152462922,-0.8642369991892248,0.38745771096087056,-0.4688647910182344
C,RD,13.0,0.0018597997138769672,6990.0,0.002478,17.32122,0.0018597997138769672,0.0024730514241003755,-1.0395751683529255,0.29853731850314513,-0.4140289249381341
C,RE,28.0,0.004005722460658083,6990.0,0.0024360000000000002,17.02764,0.004005722460658083,0.002431135298268166,2.662272060309045,0.007761511749787822,0.7175483332126468
C,RF,17.0,0.0024320457796852646,6990.0,0.00168,11.7432,0.0024320457796852646,0.00167664503328839,1.5353003170082091,0.12471007632254792,0.5337091526455919
C,RG,58.0,0.008297567954220314,6990.0,0.003108,21.72492,0.008297567954220314,0.003101793311583522,7.794804559892448,6.450824386100103e-15,1.4167020357812372
C,RH,9.0,0.0012875536480686696,6990.0,0.0012180000000000001,8.51382,0.0012875536480686696,0.001215567649134083,0.16672453076949292,0.8675868029253966,0.08011841259735515
C,RI,18.0,0.002575107296137339,6990.0,0.001596,11.156039999999999,0.002575107296137339,0.0015928127816239705,2.0506865126799143,0.04029748525679871,0.6901718942813421
C,RK,34.0,0.004864091559370529,6990.0,0.0030239999999999998,21.13776,0.004864091559370529,0.0030179610599191022,2.801849320121704,0.005081059937078423,0.6857122460906422
C,RL,31.0,0.004434907010014306,6990.0,0.003192,22.312079999999998,0.004434907010014306,0.003185625563247941,1.842213780088692,0.06544388555187394,0.47444320322590483
C,RM,15.0,0.002145922746781116,6990.0,0.0007559999999999999,5.28444,0.002145922746781116,0.0007544902649797756,4.227976628589644,2.3580227850817588e-05,1.5051400004488213
C,RN,18.0,0.002575107296137339,6990.0,0.001848,12.91752,0.002575107296137339,0.001844309536617229,1.4154279471768756,0.15694306035262812,0.47866778908763
C,RP,0.0,0.0,6990.0,0.0021000000000000003,14.679000000000002,0.0,0.002095806291610488,-3.835347542351058,0.00012538686526127093,-inf
C,RQ,21.0,0.0030042918454935624,6990.0,0.001554,10.86246,0.0030042918454935624,0.001550896655791761,3.078266350933251,0.0020820872991863726,0.9510384634324256
C,RR,29.0,0.004148783977110157,6990.0,0.0017640000000000002,12.33036,0.004148783977110157,0.0017604772849528097,4.751401479164528,2.020115810142736e-06,1.2338379786314266
C,RS,31.0,0.004434907010014306,6990.0,0.0034020000000000005,23.779980000000002,0.004434907010014306,0.0033952061924089902,1.4831075728592604,0.1380458323256309,0.38252071378486524
C,RT,31.0,0.004434907010014306,6990.0,0.002604,18.20196,0.004434907010014306,0.0025987998015970046,3.0036586392958182,0.002667544385567301,0.768174406282615
C,RV,42.0,0.006008583690987125,6990.0,0.0028560000000000005,19.963440000000002,0.006008583690987125,0.0028502965565902635,4.939092623926424,7.848692745324333e-07,1.0730289878110357
C,RW,2.0,0.0002861230329041488,6990.0,0.000546,3.8165400000000003,0.0002861230329041488,0.0005449096358187268,-0.9300978724834414,0.35232041223271526,-0.9322653118584772
C,RY,10.0,0.001430615164520744,6990.0,0.001386,9.68814,0.001430615164520744,0.001383232152462922,0.10026298874580603,0.9201355400885598,0.04570838181152371
C,SA,30.0,0.004291845493562232,6990.0,0.005994,41.89806,0.004291845493562232,0.005982029958053935,-1.8436763916026704,0.06523031560664827,-0.4819209438436808
C,SC,5.0,0.000715307582260372,6990.0,0.002673,18.68427,0.000715307582260372,0.0026676620083213496,-3.170040268210249,0.0015241781324369151,-1.9018241982943405
C,SD,16.0,0.0022889842632331904,6990.0,0.004779,33.405210000000004,0.0022889842632331904,0.004769456317907868,-3.01864747990809,0.002539057861057939,-1.0620012231850906
C,SE,15.0,0.002145922746781116,6990.0,0.004698000000000001,32.839020000000005,0.002145922746781116,0.004688618075231463,-3.1203151514808596,0.0018065764382225625,-1.1304485733423033
C,SF,13.0,0.0018597997138769672,6990.0,0.0032400000000000003,22.6476,0.0018597997138769672,0.003233529707056181,-2.0305462932248495,0.04230104056105646,-0.8008465505695196
C,SG,47.0,0.006723891273247497,6990.0,0.005994,41.89806,0.006723891273247497,0.005982029958053935,0.7905764745995002,0.42919117947181895,0.16577731222543834
C,SH,5.0,0.000715307582260372,6990.0,0.0023490000000000004,16.419510000000002,0.000715307582260372,0.0023443090376157314,-2.8214869882677576,0.004780157662783896,-1.7154110740634594
C,SI,18.0,0.002575107296137339,6990.0,0.003078,21.51522,0.002575107296137339,0.0030718532217033716,-0.7590126688452943,0.44784497833386705,-0.25736068582452254
C,SK,20.0,0.002861230329041488,6990.0,0.0058319999999999995,40.765679999999996,0.002861230329041488,0.005820353472701125,-3.261887073290396,0.0011067322241313138,-1.0273550803781992
C,SL,17.0,0.0024320457796852646,6990.0,0.006156,43.03044,0.0024320457796852646,0.006143706443406743,-3.980471380008497,6.877874557523917e-05,-1.3398228460164956
C,SM,10.0,0.001430615164520744,6990.0,0.0014579999999999999,10.191419999999999,0.001430615164520744,0.0014550883681752813,-0.06000491069620818,0.9521517235700352,-0.027355080378199313
C,SN,7.0,0.0010014306151645207,6990.0,0.003564,24.91236,0.0010014306151645207,0.003556882677761799,-3.5951802446669827,0.00032416706184036984,-1.8314348704029426
C,SP,1.0,0.0001430615164520744,6990.0,0.004050000000000001,28.309500000000003,0.0001430615164520744,0.0040419121338202265,-5.143146337206312,2.7017500757576074e-07,-4.823214363597974
C,SQ,9.0,0.0012875536480686696,6990.0,0.002997,20.94903,0.0012875536480686696,0.0029910149790269673,-2.6145831596717106,0.008933640989407679,-1.2188865380098868
C,SR,26.0,0.0037195994277539344,6990.0,0.0034020000000000005,23.779980000000002,0.0037195994277539344,0.0033952061924089902,0.4560276112668681,0.6483701231678647,0.1287641215390824
C,SS,51.0,0.007296137339055794,6990.0,0.006561,45.86139,0.007296137339055794,0.006547897656788766,0.7612923194579069,0.4464824870642682,0.15321716526362156
C,ST,14.0,0.0020028612303290413,6990.0,0.005022,35.10378,0.0020028612303290413,0.00501197104593708,-3.5708908025038895,0.00035576920391767374,-1.3261995621525207
C,SV,26.0,0.0037195994277539344,6990.0,0.005508000000000001,38.50092000000001,0.0037195994277539344,0.005497000501995509,-2.0202530695587204,0.04335714405905485,-0.5663812969324968
C,SW,8.0,0.0011444921316165952,6990.0,0.001053,7.360469999999999,0.0011444921316165952,0.0010508971547932588,0.23585056711055855,0.8135486278976505,0.12020210803565878
C,SY,8.0,0.0011444921316165952,6990.0,0.002673,18.68427,0.0011444921316165952,0.0026676620083213496,-2.475072922153006,0.013320897403075802,-1.2237522931817026
C,TA,29.0,0.004148783977110157,6990.0,0.004588,32.07012,0.004148783977110157,0.004578837745670914,-0.5433799660830182,0.5868682164708091,-0.14517685182687756
C,TC,3.0,0.00042918454935622315,6990.0,0.002046,14.301540000000001,0.00042918454935622315,0.002041914129826218,-2.9915134672893386,0.0027759829359409794,-2.253136099962797
C,TD,10.0,0.001430615164520744,6990.0,0.003658,25.569419999999997,0.001430615164520744,0.003650694959386268,-3.0846633738656952,0.0020378265492717556,-1.3544194357999788
C,TE,26.0,0.0037195994277539344,6990.0,0.0035960000000000002,25.13604,0.0037195994277539344,0.003588818773633959,0.1726344538691804,0.8629387682103504,0.04875424168802008
C,TF,18.0,0.002575107296137339,6990.0,0.00248,17.3352,0.002575107296137339,0.0024750474300923855,0.1598695588393496,0.872983828581564,0.05429242522945005
C,TG,43.0,0.0061516452074391985,6990.0,0.004588,32.07012,0.0061516452074391985,0.004578837745670914,1.9344774222803844,0.053054455393774694,0.42310690774764825
C,TH,3.0,0.00042918454935622315,6990.0,0.0017980000000000001,12.56802,0.00042918454935622315,0.0017944093868169796,-2.70134109225541,0.006906047287804721,-2.066722975731916
C,TI,22.0,0.0031473533619456365,6990.0,0.002356,16.46844,0.0031473533619456365,0.0023512950585877664,1.364688711233765,0.17235090920685958,0.41779962386821173
C,TK,20.0,0.002861230329041488,6990.0,0.004463999999999999,31.203359999999993,0.002861230329041488,0.004455085374166293,-2.010106768561209,0.04441988985173067,-0.6417013878804496
C,TL,15.0,0.002145922746781116,6990.0,0.004712,32.93688,0.002145922746781116,0.004702590117175533,-3.1327900441201346,0.0017315325372091804,-1.1347413991605668
C,TM,5.0,0.000715307582260372,6990.0,0.0011159999999999998,7.800839999999998,0.000715307582260372,0.0011137713435415732,-1.0033676314557605,0.315683515587064,-0.6417013878804496
C,TN,10.0,0.001430615164520744,6990.0,0.002728,19.06872,0.001430615164520744,0.002722552173101624,-2.0795932991801447,0.03756285212614219,-0.9312080050754349
C,TP,0.0,0.0,6990.0,0.0031000000000000003,21.669000000000004,0.0,0.003093809287615482,-4.662229379453416,3.1280226636945883e-06,-inf
C,TQ,12.0,0.0017167381974248926,6990.0,0.002294,16.03506,0.0017167381974248926,0.002289418872835457,-1.0088193650897668,0.3130612720716831,-0.4181953462332936
C,TR,20.0,0.002861230329041488,6990.0,0.002604,18.20196,0.002861230329041488,0.0025987998015970046,0.42199417878045803,0.6730292664234325,0.13590619078310215
C,TS,35.0,0.005007153075822604,6990.0,0.005022,35.10378,0.005007153075822604,0.00501197104593708,-0.017560221319776102,0.9859896905680778,-0.0042714672651583555
C,TT,11.0,0.0015736766809728183,6990.0,0.0038439999999999998,26.86956,0.0015736766809728183,0.0038363235166431974,-3.0674036549713044,0.0021592705508479745,-1.2884691730750777
C,TV,34.0,0.004864091559370529,6990.0,0.004216,29.46984,0.004864091559370529,0.004207580631157055,0.8362614558254838,0.40300783187561007,0.20629551867450002
C,TW,5.0,0.000715307582260372,6990.0,0.000806,5.63394,0.000715307582260372,0.0008043904147800252,-0.26718811619253147,0.7893243255570768,-0.1722161045792296
C,TY,22.0,0.0031473533619456365,6990.0,0.002046,14.301540000000001,0.0031473533619456365,0.002041914129826218,2.0377795209669016,0.04157198731128563,0.6213330179533438
C,VA,23.0,0.003290414878397711,6990.0,0.005032,35.17368,0.003290414878397711,0.00502195107589713,-2.057824913916063,0.03960694357899674,-0.612862421760901
C,VC,4.0,0.0005722460658082976,6990.0,0.0022440000000000003,15.685560000000002,0.0005722460658082976,0.002239518723035207,-2.9538425448907617,0.0031384408889874957,-1.9713651315474177
C,VD,3.0,0.00042918454935622315,6990.0,0.004012,28.043879999999998,0.00042918454935622315,0.004003988019972036,-4.73865958605786,2.151365639869031e-06,-3.224651560829649
C,VE,10.0,0.001430615164520744,6990.0,0.0039440000000000005,27.56856,0.001430615164520744,0.0039361238162436965,-3.3526425088527074,0.000800440217486275,-1.4630239124291742
C,VF,4.0,0.0005722460658082976,6990.0,0.00272,19.012800000000002,0.0005722460658082976,0.002714568149133584,-3.447705044616512,0.0005653710839335767,-2.2488991070763267
C,VG,16.0,0.0022889842632331904,6990.0,0.005032,35.17368,0.0022889842632331904,0.00502195107589713,-3.24109689062421,0.0011907070567445206,-1.1364243778179137
C,VH,4.0,0.0005722460658082976,6990.0,0.0019720000000000002,13.78428,0.0005722460658082976,0.0019680619081218482,-2.6379433603613704,0.008341051202226083,-1.7849520073165361
C,VI,9.0,0.0012875536480686696,6990.0,0.002584,18.06216,0.0012875536480686696,0.0025788397416769047,-2.135053283042536,0.0327566580263337,-1.004973524190237
C,VK,12.0,0.0017167381974248926,6990.0,0.004896,34.223040000000005,0.0017167381974248926,0.004886222668440451,-3.8081139873849708,0.00014003072560220302,-1.5119335129101203
C,VL,7.0,0.0010014306151645207,6990.0,0.005168,36.12432,0.0010014306151645207,0.005157679483353809,-4.85826366141021,1.1841964922966343e-06,-2.3675436035749455
C,VM,1.0,0.0001430615164520744,6990.0,0.001224,8.555760000000001,0.0001430615164520744,0.0012215556671101128,-2.584727769939392,0.009745591084616928,-3.096896013631276
C,VN,7.0,0.0010014306151645207,6990.0,0.002992,20.91408,0.0010014306151645207,0.002986024964046942,-3.047093579064312,0.00231065762150225,-1.5790477087686572
C,VP,0.0,0.0,6990.0,0.0034000000000000002,23.766000000000002,0.0,0.00339321018641698,-4.8833472201191706,1.042999694386967e-06,-inf
C,VQ,4.0,0.0005722460658082976,6990.0,0.002516,17.58684,0.0005722460658082976,0.002510975537948565,-3.2439308342419997,0.0011789236977417152,-2.1364243778179137
C,VR,14.0,0.0020028612303290413,6990.0,0.0028560000000000005,19.963440000000002,0.0020028612303290413,0.0028502965565902635,-1.3365962072677322,0.1813544777209234,-0.5119335129101206
C,VS,37.0,0.005293276108726753,6990.0,0.005508000000000001,38.50092000000001,0.005293276108726753,0.005497000501995509,-0.2425612064681703,0.8083453365285066,-0.05736764944463912
C,VT,7.0,0.0010014306151645207,6990.0,0.004216,29.46984,0.0010014306151645207,0.004207580631157055,-4.1479023060036955,3.3553551293193695e-05,-2.0738124005182352
C,VV,18.0,0.002575107296137339,6990.0,0.0046240000000000005,32.321760000000005,0.002575107296137339,0.0046147658535270935,-2.5249646864864466,0.011570991584949727,-0.8445088519969913
C,VW,2.0,0.0002861230329041488,6990.0,0.000884,6.17916,0.0002861230329041488,0.0008822346484684148,-1.6819625479657545,0.0925761025234593,-1.627410730330056
C,VY,6.0,0.0008583690987124463,6990.0,0.0022440000000000003,15.685560000000002,0.0008583690987124463,0.002239518723035207,-2.4482882462707964,0.01435367737462193,-1.3864026308262616
C,WA,16.0,0.0022889842632331904,6990.0,0.0009619999999999999,6.724379999999999,0.0022889842632331904,0.0009600788821568042,3.5787043452298892,0.0003453018263954139,1.2505987452913336
C,WC,1.0,0.0001430615164520744,6990.0,0.000429,2.99871,0.0001430615164520744,0.00042814328528614244,-1.154451593491546,0.24831507332157055,-1.58434200843817
C,WD,8.0,0.0011444921316165952,6990.0,0.0007669999999999999,5.361329999999999,0.0011444921316165952,0.0007654682979358302,1.1400277567858572,0.25427473739911155,0.5774090615584422
C,WE,5.0,0.000715307582260372,6990.0,0.000754,5.27046,0.000715307582260372,0.0007524942589877655,-0.11785352414808635,0.906183718877794,-0.07600078931992664
C,WF,2.0,0.0002861230329041488,6990.0,0.00052,3.6348,0.0002861230329041488,0.0005189615579225969,-0.8577037626503783,0.3910560618378437,-0.8618759839670789
C,WG,12.0,0.0017167381974248926,6990.0,0.0009619999999999999,6.724379999999999,0.0017167381974248926,0.0009600788821568042,2.035430970412943,0.04180752773249599,0.8355612460124897
C,WH,4.0,0.0005722460658082976,6990.0,0.000377,2.63523,0.0005722460658082976,0.00037624712949388276,0.8408762462556796,0.4004172669203473,0.6020711157927111
C,WI,19.0,0.0027181688125894133,6990.0,0.000494,3.45306,0.0027181688125894133,0.0004930134800264671,8.368548884957258,5.833210410952916e-17,2.4600521109202833
C,WK,4.0,0.0005722460658082976,6990.0,0.0009359999999999999,6.54264,0.0005722460658082976,0.0009341308042606744,-0.9945158468038908,0.31997179436695955,-0.7098728905220287
C,WL,23.0,0.003290414878397711,6990.0,0.000988,6.90612,0.003290414878397711,0.0009860269600529342,6.12714765297553,8.946843924418263e-10,1.7356865535337105
C,WM,1.0,0.0001430615164520744,6990.0,0.00023399999999999997,1.63566,0.0001430615164520744,0.0002335327010651686,-0.49708331436304865,0.619130300548411,-0.7098728905220287
C,WN,4.0,0.0005722460658082976,6990.0,0.0005719999999999999,3.9982799999999994,0.0005722460658082976,0.0005708577137148566,0.0008604310781403854,0.9993134754118272,0.000620492282986178
C,WP,0.0,0.0,6990.0,0.00065,4.5435,0.0,0.0006487019474032461,-2.132241823967751,0.032986971831041656,-inf
C,WQ,7.0,0.0010014306151645207,6990.0,0.00048099999999999993,3.3621899999999996,0.0010014306151645207,0.0004800394410784021,1.984418921271537,0.047209158424939834,1.0579536673489376
C,WR,9.0,0.0012875536480686696,6990.0,0.000546,3.8165400000000003,0.0012875536480686696,0.0005449096358187268,2.6540153908546023,0.007954019885372397,1.2376596895838352
C,WS,25.0,0.00357653791130186,6990.0,0.001053,7.360469999999999,0.00357653791130186,0.0010508971547932588,6.505235335423987,7.75718443011084e-11,1.7640582978103834
C,WT,9.0,0.0012875536480686696,6990.0,0.000806,5.63394,0.0012875536480686696,0.0008043904147800252,1.418700871361695,0.15598624307792594,0.6757808019757204
C,WV,3.0,0.00042918454935622315,6990.0,0.000884,6.17916,0.00042918454935622315,0.0008822346484684148,-1.279498285299153,0.20072164305317386,-1.0424482296089002
C,WW,3.0,0.00042918454935622315,6990.0,0.000169,1.1813099999999999,0.00042918454935622315,0.00016866250632484398,1.6734526926331472,0.09423821211888683,1.3445748935003472
C,WY,3.0,0.00042918454935622315,6990.0,0.000429,2.99871,0.00042918454935622315,0.00042814328528614244,0.0007451018685070627,0.9994054947779021,0.0006204922829858579
C,YA,22.0,0.0031473533619456365,6990.0,0.002442,17.069580000000002,0.0031473533619456365,0.002437123316244196,1.194822578431714,0.23215635686331815,0.3660759627112692
C,YC,4.0,0.0005722460658082976,6990.0,0.0010890000000000001,7.612110000000001,0.0005722460658082976,0.0010868252626494387,-1.3099208109514253,0.19022262612215013,-0.9282964096555317
C,YD,16.0,0.0022889842632331904,6990.0,0.001947,13.60953,0.0022889842632331904,0.0019431118332217234,0.6486119291963592,0.516589242935525,0.23345466034108084
C,YE,27.0,0.0038626609442060085,6990.0,0.0019140000000000001,13.378860000000001,0.0038626609442060085,0.001910177734353559,3.727519466485382,0.0001933736291172665,1.0130042167388182
C,YF,22.0,0.0031473533619456365,6990.0,0.00132,9.2268,0.0031473533619456365,0.0013173639547265923,4.207857099137843,2.5780380467265698e-05,1.2536012334528568
C,YG,37.0,0.005293276108726753,6990.0,0.002442,17.069580000000002,0.005293276108726753,0.002437123316244196,4.829875713149591,1.3661829952046444e-06,1.1160977097029219
C,YH,3.0,0.00042918454935622315,6990.0,0.0009570000000000001,6.689430000000001,0.00042918454935622315,0.0009550888671767795,-1.427159876951569,0.1535338166779282,-1.1569207847034941
C,YI,31.0,0.004434907010014306,6990.0,0.0012540000000000001,8.765460000000001,0.004434907010014306,0.0012514957569902626,7.514728012040552,5.702937310682931e-14,1.8223665066462114
C,YK,26.0,0.0037195994277539344,6990.0,0.002376,16.608240000000002,0.0037195994277539344,0.0023712551185078663,2.307287619195401,0.021038791265439463,0.6466124264017017
C,YL,20.0,0.002861230329041488,6990.0,0.0025080000000000002,17.530920000000002,0.002861230329041488,0.0025029915139805252,0.5904431615640581,0.5548935811433291,0.19009829114669857
C,YM,9.0,0.0012875536480686696,6990.0,0.000594,4.1520600000000005,0.0012875536480686696,0.0005928137796269666,2.3798766589827225,0.01731843370570055,1.1160977097029219
C,YN,12.0,0.0017167381974248926,6990.0,0.001452,10.14948,0.0017167381974248926,0.0014491003501992516,0.5812827218193259,0.5610499235892383,0.2416285917867808
C,YP,0.0,0.0,6990.0,0.0016500000000000002,11.533500000000002,0.0,0.0016467049434082406,-3.3989059602832943,0.0006765597450203592,-inf
C,YQ,15.0,0.002145922746781116,6990.0,0.001221,8.534790000000001,0.002145922746781116,0.001218561658122098,2.2143767603935096,0.026802872198373334,0.8135349396824905
C,YR,17.0,0.0024320457796852646,6990.0,0.001386,9.68814,0.0024320457796852646,0.001383232152462922,2.3507629605942104,0.018734964534105635,0.8112431281745008
C,YS,45.0,0.006437768240343348,6990.0,0.002673,18.68427,0.006437768240343348,0.0026676620083213496,6.096191012552989,1.0862560733089946e-09,1.2681008031479717
C,YT,36.0,0.005150214592274678,6990.0,0.002046,14.301540000000001,0.005150214592274678,0.002041914129826218,5.743574354418869,9.269863085541309e-09,1.331826400758359
C,YV,26.0,0.0037195994277539344,6990.0,0.0022440000000000003,15.685560000000002,0.0037195994277539344,0.002239518723035207,2.6072547399288575,0.009127143012331584,0.7290745865936745
C,YW,1.0,0.0001430615164520744,6990.0,0.000429,2.99871,0.0001430615164520744,0.00042814328528614244,-1.154451593491546,0.24831507332157055,-1.58434200843817
C,YY,12.0,0.0017167381974248926,6990.0,0.0010890000000000001,7.612110000000001,0.0017167381974248926,0.0010868252626494387,1.5912550911145138,0.11155217911391142,0.6566660910656245
N,AA,52.0,0.007439198855507869,6990.0,0.005475999999999999,38.27723999999999,0.007439198855507869,0.005465064406123346,2.2241471984154,0.02613854222730945,0.44202481594456833
N,AC,3.0,0.00042918454935622315,6990.0,0.002442,17.069580000000002,0.00042918454935622315,0.002437123316244196,-3.4095780588775964,0.0006506345552630406,-2.508393155204872
N,AD,22.0,0.0031473533619456365,6990.0,0.004365999999999999,30.518339999999995,0.0031473533619456365,0.004357281080557804,-1.5453421751173266,0.12226351912296196,-0.47217296729211833
N,AE,44.0,0.006294706723891273,6990.0,0.004292,30.001079999999998,0.006294706723891273,0.004283428858853434,2.5612978733866307,0.010428190256640445,0.5524890869421506
N,AF,12.0,0.0017167381974248926,6990.0,0.00296,20.6904,0.0017167381974248926,0.0029540888681747826,-1.9133703163485072,0.05570066167757667,-0.7859271307337806
N,AG,61.0,0.008726752503576537,6990.0,0.005475999999999999,38.27723999999999,0.008726752503576537,0.005465064406123346,3.6828424452708846,0.00023064772228923128,0.6723224353663622
N,AH,17.0,0.0024320457796852646,6990.0,0.002146,15.000539999999999,0.0024320457796852646,0.002141714429426717,0.5168038880916417,0.6052930656088797,0.18052030955519272
N,AI,31.0,0.004434907010014306,6990.0,0.002812,19.65588,0.004434907010014306,0.0028063844247660434,2.562335797701846,0.010397073878943118,0.6573072603757155
N,AK,40.0,0.005722460658082976,6990.0,0.005327999999999999,37.24272,0.005722460658082976,0.005317359962714608,0.45302297561632004,0.6505321973720044,0.10304155687747557
N,AL,38.0,0.0054363376251788265,6990.0,0.005624,39.31176,0.0054363376251788265,0.005612768849532087,-0.20980596086337971,0.8338191205137451,-0.04896153656757445
N,AM,0.0,0.0,6990.0,0.0013319999999999999,9.31068,0.0,0.001329339990678652,-3.0533749142587903,0.0022628303664509863,-inf
N,AN,20.0,0.002861230329041488,6990.0,0.0032559999999999998,22.759439999999998,0.002861230329041488,0.0032494977549922606,-0.5793597957841082,0.5623464259749422,-0.1864650603175093
N,AP,24.0,0.0034334763948497852,6990.0,0.0037,25.863,0.0034334763948497852,0.0036926110852184783,-0.3670103736088646,0.7136112801284409,-0.1078552256211431
N,AQ,22.0,0.0031473533619456365,6990.0,0.0027379999999999995,19.138619999999996,0.0031473533619456365,0.002732532203061673,0.6549612286321791,0.5124927169630575,0.2010167164407732
N,AR,28.0,0.004005722460658083,6990.0,0.003108,21.72492,0.004005722460658083,0.003101793311583522,1.348391849106601,0.1775323841863986,0.3660759627112692
N,AS,77.0,0.011015736766809728,6990.0,0.005994,41.89806,0.011015736766809728,0.005982029958053935,5.439258003191565,5.35029279458041e-08,0.8779750012427022
N,AT,50.0,0.00715307582260372,6990.0,0.004588,32.07012,0.00715307582260372,0.004578837745670914,3.173406116462086,0.0015066161897996377,0.6406983428202749
N,AV,75.0,0.01072961373390558,6990.0,0.005032,35.17368,0.01072961373390558,0.00502195107589713,6.732195484487319,1.6712189639043765e-11,1.0923943126779672
N,AW,4.0,0.0005722460658082976,6990.0,0.0009619999999999999,6.724379999999999,0.0005722460658082976,0.0009600788821568042,-1.0511157792209467,0.29320541781370046,-0.7494012547086665
N,AY,10.0,0.001430615164520744,6990.0,0.002442,17.069580000000002,0.001430615164520744,0.002437123316244196,-1.7132199293425874,0.08667208654021498,-0.7714275610386656
N,CA,8.0,0.0011444921316165952,6990.0,0.002442,17.069580000000002,0.0011444921316165952,0.002437123316244196,-2.197893680638304,0.027956683344089593,-1.093355655926028
N,CC,5.0,0.000715307582260372,6990.0,0.0010890000000000001,7.612110000000001,0.000715307582260372,0.0010868252626494387,-0.947273823193183,0.3434992660301669,-0.6063683147681693
N,CD,18.0,0.002575107296137339,6990.0,0.001947,13.60953,0.002575107296137339,0.0019431118332217234,1.191276701560253,0.23354497711744016,0.4033796617833932
N,CE,9.0,0.0012875536480686696,6990.0,0.0019140000000000001,13.378860000000001,0.0012875536480686696,0.001910177734353559,-1.1983054201787944,0.2307981372722161,-0.5719582839823378
N,CF,2.0,0.0002861230329041488,6990.0,0.00132,9.2268,0.0002861230329041488,0.0013173639547265923,-2.380714439924949,0.017279100779170668,-2.2058303851844405
N,CG,15.0,0.002145922746781116,6990.0,0.002442,17.069580000000002,0.002145922746781116,0.002437123316244196,-0.5015355511032952,0.6159942642389837,-0.1864650603175095
N,CH,4.0,0.0005722460658082976,6990.0,0.0009570000000000001,6.689430000000001,0.0005722460658082976,0.0009550888671767795,-1.0403359293630339,0.29818385715499873,-0.7418832854246502
N,CI,7.0,0.0010014306151645207,6990.0,0.0012540000000000001,8.765460000000001,0.0010014306151645207,0.0012514957569902626,-0.5966820863457092,0.5507196548100881,-0.32447488168305977
N,CK,7.0,0.0010014306151645207,6990.0,0.002376,16.608240000000002,0.0010014306151645207,0.0023712551185078663,-2.3604705821121943,0.018251765860463058,-1.2464723696817865
N,CL,24.0,0.0034334763948497852,6990.0,0.0025080000000000002,17.530920000000002,0.0034334763948497852,0.0025029915139805252,1.5469827010914259,0.12186741708641612,0.45313269698049236
N,CM,1.0,0.0001430615164520744,6990.0,0.000594,4.1520600000000005,0.0001430615164520744,0.0005928137796269666,-1.5473611516877437,0.12177618344445554,-2.0538272917393905
N,CN,8.0,0.0011444921316165952,6990.0,0.001452,10.14948,0.0011444921316165952,0.0014491003501992516,-0.6751916136524893,0.4995540340776775,-0.34333390893437515
N,CP,1.0,0.0001430615164520744,6990.0,0.0016500000000000002,11.533500000000002,0.0001430615164520744,0.0016467049434082406,-3.1042073900068567,0.0019078954381135259,-3.527758480071803
N,CQ,14.0,0.0020028612303290413,6990.0,0.001221,8.534790000000001,0.0020028612303290413,0.001218561658122098,1.8718702122081432,0.061224561568745166,0.7139992661315759
N,CR,14.0,0.0020028612303290413,6990.0,0.001386,9.68814,0.0020028612303290413,0.001383232152462922,1.3862629726591797,0.16566661883800804,0.5311352089817656
N,CS,12.0,0.0017167381974248926,6990.0,0.002673,18.68427,0.0017167381974248926,0.0026676620083213496,-1.5484497940766824,0.12151404055780624,-0.6387897924605468
N,CT,14.0,0.0020028612303290413,6990.0,0.002046,14.301540000000001,0.0020028612303290413,0.002041914129826218,-0.07981752671993662,0.9363823844917003,-0.0307436786263494
N,CV,15.0,0.002145922746781116,6990.0,0.0022440000000000003,15.685560000000002,0.002145922746781116,0.002239518723035207,-0.17329390248095233,0.8624204162998735,-0.0644745359388993
N,CW,1.0,0.0001430615164520744,6990.0,0.000429,2.99871,0.0001430615164520744,0.00042814328528614244,-1.154451593491546,0.24831507332157055,-1.58434200843817
N,CY,6.0,0.0008583690987124463,6990.0,0.0010890000000000001,7.612110000000001,0.0008583690987124463,0.0010868252626494387,-0.5846268354349407,0.5587986595056437,-0.3433339089343756
N,DA,7.0,0.0010014306151645207,6990.0,0.004365999999999999,30.518339999999995,0.0010014306151645207,0.004357281080557804,-4.266545206078748,1.9852328251995856e-05,-2.1242496638718116
N,DC,5.0,0.000715307582260372,6990.0,0.001947,13.60953,0.000715307582260372,0.0019431118332217234,-2.336044318805058,0.019488931834484986,-1.444617244771557
N,DD,6.0,0.0008583690987124463,6990.0,0.0034809999999999997,24.332189999999997,0.0008583690987124463,0.003474048429093384,-3.7228964646010283,0.00019695030002179586,-2.019831768941151
N,DE,7.0,0.0010014306151645207,6990.0,0.003422,23.91978,0.0010014306151645207,0.0034151662523290898,-3.465456673593703,0.0005293318082886665,-1.772777293370434
N,DF,8.0,0.0011444921316165952,6990.0,0.00236,16.4964,0.0011444921316165952,0.0023552870705717864,-2.094370123911396,0.03622702202104192,-1.0440793151878283
N,DG,5.0,0.000715307582260372,6990.0,0.004365999999999999,30.518339999999995,0.000715307582260372,0.004357281080557804,-4.629372276873604,3.667758675458397e-06,-2.609676491042053
N,DH,2.0,0.0002861230329041488,6990.0,0.001711,11.95989,0.0002861230329041488,0.0017075831261645449,-2.8824567954998157,0.003945872439910745,-2.580132215428038
N,DI,1.0,0.0001430615164520744,6990.0,0.0022419999999999996,15.671579999999997,0.0001430615164520744,0.002237522717043196,-3.710290246899041,0.0002070217616294786,-3.9700787337440513
N,DK,2.0,0.0002861230329041488,6990.0,0.004247999999999999,29.693519999999996,0.0002861230329041488,0.004239516727029214,-5.092977117233435,3.524842553472017e-07,-3.892076221742778
N,DL,11.0,0.0015736766809728183,6990.0,0.004483999999999999,31.343159999999994,0.0015736766809728183,0.004475045434086392,-3.641857116434496,0.00027067830388228197,-1.510647115106754
N,DM,0.0,0.0,6990.0,0.0010619999999999998,7.423379999999999,0.0,0.0010598791817573036,-2.726035951867757,0.006410001598308554,-inf
N,DN,5.0,0.000715307582260372,6990.0,0.002596,18.14604,0.000715307582260372,0.0025908157776289645,-3.0900710456625555,0.002001086227918261,-1.8596547440504005
N,DP,7.0,0.0010014306151645207,6990.0,0.00295,20.6205,0.0010014306151645207,0.0029441088382147324,-3.003896644591021,0.0026654585666852173,-1.5586524880175865
N,DQ,0.0,0.0,6990.0,0.0021829999999999996,15.259169999999997,0.0,0.002178640540278902,-3.910569478299315,9.207876840231788e-05,-inf
N,DR,6.0,0.0008583690987124463,6990.0,0.002478,17.32122,0.0008583690987124463,0.0024730514241003755,-2.7235963888578936,0.006457536911351405,-1.5295061423580703
N,DS,14.0,0.0020028612303290413,6990.0,0.004779,33.405210000000004,0.0020028612303290413,0.004769456317907868,-3.3655145938249107,0.0007640102553014329,-1.2546463011274869
N,DT,9.0,0.0012875536480686696,6990.0,0.003658,25.569419999999997,0.0012875536480686696,0.003650694959386268,-3.282786577804294,0.001027864513329346,-1.5064225292450286
N,DV,9.0,0.0012875536480686696,6990.0,0.004012,28.043879999999998,0.0012875536480686696,0.004003988019972036,-3.6033739387720902,0.0003141131235923177,-1.6396890601084928
N,DW,2.0,0.0002861230329041488,6990.0,0.0007669999999999999,5.361329999999999,0.0002861230329041488,0.0007654682979358302,-1.4522503760292125,0.14643200007565252,-1.4225909384415578
N,DY,2.0,0.0002861230329041488,6990.0,0.001947,13.60953,0.0002861230329041488,0.0019431118332217234,-3.150041477350899,0.0016324728439255326,-2.766545339658919
N,EA,18.0,0.002575107296137339,6990.0,0.004292,30.001079999999998,0.002575107296137339,0.004283428858853434,-2.195765150621821,0.02810875723334937,-0.7370175302528341
N,EC,2.0,0.0002861230329041488,6990.0,0.0019140000000000001,13.378860000000001,0.0002861230329041488,0.001910177734353559,-3.113903987214863,0.0018462955988886548,-2.74188328542465
N,ED,18.0,0.002575107296137339,6990.0,0.003422,23.91978,0.002575107296137339,0.0034151662523290898,-1.2124709131682876,0.22533217024975805,-0.4102072139857257
N,EE,20.0,0.002861230329041488,6990.0,0.0033640000000000002,23.51436,0.002861230329041488,0.0033572820785608003,-0.7259578078012353,0.4678646363444079,-0.2335420663064067
N,EF,10.0,0.001430615164520744,6990.0,0.00232,16.2168,0.001430615164520744,0.002315366950731586,-1.5455700112608628,0.12220844840809456,-0.6974891660661968
N,EG,42.0,0.006008583690987125,6990.0,0.004292,30.001079999999998,0.006008583690987125,0.004283428858853434,2.195369948462904,0.02813707098664061,0.4853748910836139
N,EH,3.0,0.00042918454935622315,6990.0,0.0016820000000000001,11.75718,0.00042918454935622315,0.0016786410392804001,-2.55610236467382,0.010585197440100974,-1.970507660472613
N,EI,8.0,0.0011444921316165952,6990.0,0.0022040000000000002,15.405960000000002,0.0011444921316165952,0.0021995986031950075,-1.8889310250937543,0.058901071609177916,-0.9454166795097824
N,EK,17.0,0.0024320457796852646,6990.0,0.004176,29.19024,0.0024320457796852646,0.004167660511316855,-2.261008154942591,0.023758752082566916,-0.7799513262581698
N,EL,22.0,0.0031473533619456365,6990.0,0.0044080000000000005,30.811920000000004,0.0031473533619456365,0.004399197206390015,-1.5910010483167158,0.1116093398443858,-0.48598506087248516
N,EM,0.0,0.0,6990.0,0.001044,7.29756,0.0,0.0010419151278292138,-2.7028108729294913,0.006875585581188233,-inf
N,EN,12.0,0.0017167381974248926,6990.0,0.002552,17.83848,0.0017167381974248926,0.002546903645804745,-1.3841263675736177,0.16631976447030694,-0.5719582839823378
N,EP,5.0,0.000715307582260372,6990.0,0.0029000000000000002,20.271,0.000715307582260372,0.002894208688414483,-3.3967261304537146,0.0006819718379920893,-2.0194172609535594
N,EQ,6.0,0.0008583690987124463,6990.0,0.002146,15.000539999999999,0.0008583690987124463,0.002141714429426717,-2.326385157454685,0.019998012720489032,-1.3219800309739904
N,ER,19.0,0.0027181688125894133,6990.0,0.0024360000000000002,17.02764,0.0027181688125894133,0.002431135298268166,0.47856239868826234,0.632249973513523,0.15812092459862803
N,ES,25.0,0.00357653791130186,6990.0,0.004698000000000001,32.839020000000005,0.00357653791130186,0.004688618075231463,-1.3711634876109504,0.17032399744912718,-0.3934829791760971
N,ET,10.0,0.001430615164520744,6990.0,0.0035960000000000002,25.13604,0.001430615164520744,0.003588818773633959,-3.0244478901130503,0.002490873777169036,-1.3297573815657098
N,EV,8.0,0.0011444921316165952,6990.0,0.0039440000000000005,27.56856,0.0011444921316165952,0.0039361238162436965,-3.734306402632585,0.00018823322000808467,-1.7849520073165361
N,EW,5.0,0.000715307582260372,6990.0,0.000754,5.27046,0.000715307582260372,0.0007524942589877655,-0.11785352414808635,0.906183718877794,-0.07600078931992664
N,EY,3.0,0.00042918454935622315,6990.0,0.0019140000000000001,13.378860000000001,0.00042918454935622315,0.001910177734353559,-2.8402470490668534,0.004507860788771893,-2.156920784703494
N,FA,33.0,0.004721030042918455,6990.0,0.00296,20.6904,0.004721030042918455,0.0029540888681747826,2.7102116411354573,0.006724028765533165,0.6735044879035166
N,FC,6.0,0.0008583690987124463,6990.0,0.00132,9.2268,0.0008583690987124463,0.0013173639547265923,-1.063000132112391,0.2877818914252638,-0.6208678844632844
N,FD,35.0,0.005007153075822604,6990.0,0.00236,16.4964,0.005007153075822604,0.0023552870705717864,4.561153785698284,5.08733032450678e-06,1.0852037017571379
N,FE,25.0,0.00357653791130186,6990.0,0.00232,16.2168,0.00357653791130186,0.002315366950731586,2.183607406206796,0.028991108876674346,0.6244389288211656
N,FF,31.0,0.004434907010014306,6990.0,0.0016,11.184000000000001,0.004434907010014306,0.0015968047936079908,5.930142482504757,3.0267192167006453e-09,1.4708319496735258
N,FG,41.0,0.00586552217453505,6990.0,0.00296,20.6904,0.00586552217453505,0.0029540888681747826,4.471576196367445,7.76451847300738e-06,0.986662373163147
N,FH,9.0,0.0012875536480686696,6990.0,0.00116,8.1084,0.0012875536480686696,0.001157683475365793,0.31329575780007995,0.7540559728129016,0.15050774048875326
N,FI,24.0,0.0034334763948497852,6990.0,0.00152,10.6248,0.0034334763948497852,0.001516964553927591,4.106484782888193,4.017259138949705e-05,1.1755987214515835
N,FK,37.0,0.005293276108726753,6990.0,0.0028799999999999997,20.1312,0.005293276108726753,0.002874248628494383,3.765092443111486,0.00016648747551254326,0.8780920983606506
N,FL,45.0,0.006437768240343348,6990.0,0.00304,21.2496,0.006437768240343348,0.003033929107855182,5.160082933279364,2.468404719222395e-07,1.0824893170601022
N,FM,0.0,0.0,6990.0,0.0007199999999999999,5.0328,0.0,0.0007185621571235958,-2.244198348382637,0.02481964226468517,-inf
N,FN,18.0,0.002575107296137339,6990.0,0.0017599999999999998,12.302399999999999,0.002575107296137339,0.0017564852729687894,1.6258465373587316,0.1039823056124413,0.5490571169790283
N,FP,6.0,0.0008583690987124463,6990.0,0.002,13.98,0.0008583690987124463,0.0019960059920099884,-2.1364072101714795,0.03264623687439247,-1.2203299548795556
N,FQ,22.0,0.0031473533619456365,6990.0,0.00148,10.3452,0.0031473533619456365,0.0014770444340873913,3.6262437701074046,0.00028757389446868955,1.0885419871823605
N,FR,18.0,0.002575107296137339,6990.0,0.00168,11.7432,0.002575107296137339,0.00167664503328839,1.8273601855609811,0.06764563149677087,0.6161713128375651
N,FS,49.0,0.007010014306151645,6990.0,0.0032400000000000003,22.6476,0.007010014306151645,0.003233529707056181,5.54643311679366,2.915560811986592e-08,1.1134235754045962
N,FT,25.0,0.00357653791130186,6990.0,0.00248,17.3352,0.00357653791130186,0.0024750474300923855,1.843213289097241,0.06529787537429217,0.5282236135618625
N,FV,46.0,0.006580829756795422,6990.0,0.00272,19.012800000000002,0.006580829756795422,0.002714568149133584,6.197638387247863,5.731663759653527e-10,1.2746628489806862
N,FW,5.0,0.000715307582260372,6990.0,0.00052,3.6348,0.000715307582260372,0.0005189615579225969,0.7162571426292494,0.47383258480834256,0.4600521109202832
N,FY,19.0,0.0027181688125894133,6990.0,0.00132,9.2268,0.0027181688125894133,0.0013173639547265923,3.2195713682784235,0.0012838239939979227,1.0420971282591451
N,GA,8.0,0.0011444921316165952,6990.0,0.005475999999999999,38.27723999999999,0.0011444921316165952,0.005465064406123346,-4.907251786211419,9.236143119965509e-07,-2.258414902196524
N,GC,1.0,0.0001430615164520744,6990.0,0.002442,17.069580000000002,0.0001430615164520744,0.002437123316244196,-3.894251810173313,9.850228559138897e-05,-4.093355655926028
N,GD,4.0,0.0005722460658082976,6990.0,0.004365999999999999,30.518339999999995,0.0005722460658082976,0.004357281080557804,-4.810785812271032,1.503380554199715e-06,-2.9316045859294153
N,GE,8.0,0.0011444921316165952,6990.0,0.004292,30.001079999999998,0.0011444921316165952,0.004283428858853434,-4.025404775240457,5.6877393715334e-05,-1.9069425316951463
N,GF,2.0,0.0002861230329041488,6990.0,0.00296,20.6904,0.0002861230329041488,0.0029540888681747826,-4.11507601038849,3.870518466549338e-05,-3.370889631454937
N,GG,25.0,0.00357653791130186,6990.0,0.005475999999999999,38.27723999999999,0.00357653791130186,0.005465064406123346,-2.1519385421510577,0.03140219513689627,-0.6145587124217993
N,GH,2.0,0.0002861230329041488,6990.0,0.002146,15.000539999999999,0.0002861230329041488,0.002141714429426717,-3.3602720831078945,0.0007786574738451118,-2.9069425316951465
N,GI,4.0,0.0005722460658082976,6990.0,0.002812,19.65588,0.0005722460658082976,0.0028063844247660434,-3.5362480094114273,0.00040585348588831696,-2.29688905001116
N,GK,10.0,0.001430615164520744,6990.0,0.005327999999999999,37.24272,0.001430615164520744,0.005317359962714608,-4.475997388107923,7.605541424143677e-06,-1.8969584431225244
N,GL,5.0,0.000715307582260372,6990.0,0.005624,39.31176,0.000715307582260372,0.005612768849532087,-5.487903104008108,4.067330576475999e-08,-2.974960955123797
N,GM,0.0,0.0,6990.0,0.0013319999999999999,9.31068,0.0,0.001329339990678652,-3.0533749142587903,0.0022628303664509863,-inf
N,GN,7.0,0.0010014306151645207,6990.0,0.0032559999999999998,22.759439999999998,0.0010014306151645207,0.0032494977549922606,-3.3087821949641634,0.0009370270143381936,-1.7010382331472675
N,GP,0.0,0.0,6990.0,0.0037,25.863,0.0,0.0036926110852184783,-5.0950023041578385,3.4873701415507453e-07,-inf
N,GQ,6.0,0.0008583690987124463,6990.0,0.0027379999999999995,19.138619999999996,0.0008583690987124463,0.002732532203061673,-3.0073903842660927,0.0026350113602562884,-1.6734524014753678
N,GR,5.0,0.000715307582260372,6990.0,0.003108,21.72492,0.000715307582260372,0.003101793311583522,-3.593857895829214,0.0003258175823516021,-2.1193508644589723
N,GS,16.0,0.0022889842632331904,6990.0,0.005994,41.89806,0.0022889842632331904,0.005982029958053935,-4.013061104945634,5.9936389916627154e-05,-1.3888115394521992
N,GT,0.0,0.0,6990.0,0.004588,32.07012,0.0,0.004578837745670914,-5.676084556264352,1.3781267684218071e-08,-inf
N,GV,7.0,0.0010014306151645207,6990.0,0.005032,35.17368,0.0010014306151645207,0.00502195107589713,-4.762446574963257,1.9125984255508783e-06,-2.32906945576031
N,GW,1.0,0.0001430615164520744,6990.0,0.0009619999999999999,6.724379999999999,0.0001430615164520744,0.0009600788821568042,-2.2085708103336557,0.027204507514583386,-2.7494012547086664
N,GY,6.0,0.0008583690987124463,6990.0,0.002442,17.069580000000002,0.0008583690987124463,0.002437123316244196,-2.682567431934021,0.0073059421321018635,-1.508393155204872
N,HA,6.0,0.0008583690987124463,6990.0,0.002146,15.000539999999999,0.0008583690987124463,0.002141714429426717,-2.326385157454685,0.019998012720489032,-1.3219800309739904
N,HC,3.0,0.00042918454935622315,6990.0,0.0009570000000000001,6.689430000000001,0.00042918454935622315,0.0009550888671767795,-1.427159876951569,0.1535338166779282,-1.1569207847034941
N,HD,3.0,0.00042918454935622315,6990.0,0.001711,11.95989,0.00042918454935622315,0.0017075831261645449,-2.5930503065225468,0.009512885459481328,-1.995169714706882
N,HE,5.0,0.000715307582260372,6990.0,0.0016820000000000001,11.75718,0.000715307582260372,0.0016786410392804001,-1.972329423002227,0.048572012893767454,-1.2335420663064067
N,HF,8.0,0.0011444921316165952,6990.0,0.00116,8.1084,0.0011444921316165952,0.001157683475365793,-0.03809024242432536,0.9696157310833168,-0.01941726095355908
N,HG,17.0,0.0024320457796852646,6990.0,0.002146,15.000539999999999,0.0024320457796852646,0.002141714429426717,0.5168038880916417,0.6052930656088797,0.18052030955519272
N,HH,1.0,0.0001430615164520744,6990.0,0.0008410000000000001,5.87859,0.0001430615164520744,0.0008393205196402001,-2.0129845106944453,0.0441162588808327,-2.555470161193769
N,HI,5.0,0.000715307582260372,6990.0,0.0011020000000000001,7.702980000000001,0.000715307582260372,0.0010997993015975037,-0.974435001508642,0.32984059756436823,-0.62348858462242
N,HK,12.0,0.0017167381974248926,6990.0,0.002088,14.59512,0.0017167381974248926,0.0020838302556584276,-0.6799977678749365,0.4965058742581422,-0.282451666787353
N,HL,24.0,0.0034334763948497852,6990.0,0.0022040000000000002,15.405960000000002,0.0034334763948497852,0.0021995986031950075,2.191957394705983,0.02838258316133468,0.6395458212113737
N,HM,0.0,0.0,6990.0,0.000522,3.64878,0.0,0.0005209575639146069,-1.9106767539051261,0.05604613394623937,-inf
N,HN,2.0,0.0002861230329041488,6990.0,0.001276,8.91924,0.0002861230329041488,0.0012734518229023724,-2.3183111634674405,0.020432416143297424,-2.1569207847034937
N,HP,2.0,0.0002861230329041488,6990.0,0.0014500000000000001,10.1355,0.0002861230329041488,0.0014471043442072415,-2.557270992645555,0.010549699621670346,-2.3413453558409216
N,HQ,5.0,0.000715307582260372,6990.0,0.001073,7.5002699999999995,0.000715307582260372,0.0010708572147133586,-0.9134432800775255,0.3610094517925103,-0.5850144368077841
N,HR,8.0,0.0011444921316165952,6990.0,0.0012180000000000001,8.51382,0.0011444921316165952,0.001215567649134083,-0.17620304907643464,0.8601344254501597,-0.08980658884495715
N,HS,4.0,0.0005722460658082976,6990.0,0.0023490000000000004,16.419510000000002,0.0005722460658082976,0.0023443090376157314,-3.0685630001340947,0.002150909711025539,-2.0373391689508216
N,HT,14.0,0.0020028612303290413,6990.0,0.0017980000000000001,12.56802,0.0020028612303290413,0.0017944093868169796,0.4042912135727033,0.6859985858730413,0.15566944560453183
N,HV,7.0,0.0010014306151645207,6990.0,0.0019720000000000002,13.78428,0.0010014306151645207,0.0019680619081218482,-1.8291122474860124,0.06738279458526952,-0.9775970852589324
N,HW,0.0,0.0,6990.0,0.000377,2.63523,0.0,0.00037624712949388276,-1.6236452372343722,0.10445154488280686,-inf
N,HY,29.0,0.004148783977110157,6990.0,0.0009570000000000001,6.689430000000001,0.004148783977110157,0.0009550888671767795,8.630262760350343,6.121118928129161e-18,2.1160977097029217
N,IA,4.0,0.0005722460658082976,6990.0,0.002812,19.65588,0.0005722460658082976,0.0028063844247660434,-3.5362480094114273,0.00040585348588831696,-2.29688905001116
N,IC,0.0,0.0,6990.0,0.0012540000000000001,8.765460000000001,0.0,0.0012514957569902626,-2.9625100317083684,0.003051418660209298,-inf
N,ID,9.0,0.0012875536480686696,6990.0,0.0022419999999999996,15.671579999999997,0.0012875536480686696,0.002237522717043196,-1.6871733109458353,0.09157003170793553,-0.8001537323017387
N,IE,1.0,0.0001430615164520744,6990.0,0.0022040000000000002,15.405960000000002,0.0001430615164520744,0.0021995986031950075,-3.6743197087561392,0.00023848396881920577,-3.9454166795097825
N,IF,0.0,0.0,6990.0,0.00152,10.6248,0.0,0.001516964553927591,-3.2620506251293797,0.001106093882540691,-inf
N,IG,5.0,0.000715307582260372,6990.0,0.002812,19.65588,0.000715307582260372,0.0028063844247660434,-3.310374535073899,0.0009317121089955829,-1.9749609551237974
N,IH,0.0,0.0,6990.0,0.0011020000000000001,7.702980000000001,0.0,0.0010997993015975037,-2.776954815766686,0.00548708063230871,-inf
N,II,7.0,0.0010014306151645207,6990.0,0.001444,10.09356,0.0010014306151645207,0.0014411163262312114,-0.974428878489036,0.32984363649357584,-0.5280082757681916
N,IK,1.0,0.0001430615164520744,6990.0,0.0027359999999999997,19.12464,0.0001430615164520744,0.002730536197069664,-4.150187173675437,3.322035069127545e-05,-4.257360685824523
N,IL,5.0,0.000715307582260372,6990.0,0.002888,20.18712,0.000715307582260372,0.002882232652462423,-3.3850592189554565,0.0007116290003069002,-2.013435102938433
N,IM,0.0,0.0,6990.0,0.0006839999999999999,4.78116,0.0,0.000682634049267416,-2.1873345770287353,0.028718108319089594,-inf
N,IN,1.0,0.0001430615164520744,6990.0,0.0016719999999999999,11.68728,0.0001430615164520744,0.00166866100932035,-3.128771431115263,0.0017553879860658836,-3.546867303019507
N,IP,11.0,0.0015736766809728183,6990.0,0.0019,13.281,0.0015736766809728183,0.0018962056924094889,-0.6265025876909242,0.530985340129285,-0.27186025551963766
N,IQ,1.0,0.0001430615164520744,6990.0,0.001406,9.82794,0.0001430615164520744,0.0014031922123830217,-2.8179523711135523,0.004833097864159719,-3.29688905001116
N,IR,1.0,0.0001430615164520744,6990.0,0.001596,11.156039999999999,0.0001430615164520744,0.0015928127816239705,-3.0430999377900685,0.002341545558046782,-3.4797531071609704
N,IS,0.0,0.0,6990.0,0.003078,21.51522,0.0,0.0030718532217033716,-4.645605268800717,3.390808118993222e-06,-inf
N,IT,3.0,0.00042918454935622315,6990.0,0.002356,16.46844,0.00042918454935622315,0.0023512950585877664,-3.3227928515516942,0.000891210690423581,-2.4566694940479294
N,IV,2.0,0.0002861230329041488,6990.0,0.002584,18.06216,0.0002861230329041488,0.0025788397416769047,-3.7842597615529305,0.0001541667414471372,-3.1748985256325493
N,IW,2.0,0.0002861230329041488,6990.0,0.000494,3.45306,0.0002861230329041488,0.0004930134800264671,-0.7821477179931222,0.43412776601532044,-0.7878754025233022
N,IY,0.0,0.0,6990.0,0.0012540000000000001,8.765460000000001,0.0,0.0012514957569902626,-2.9625100317083684,0.003051418660209298,-inf
N,KA,58.0,0.008297567954220314,6990.0,0.005327999999999999,37.24272,0.008297567954220314,0.005317359962714608,3.4104351938508657,0.0006485929594200013,0.6390944571176854
N,KC,3.0,0.00042918454935622315,6990.0,0.002376,16.608240000000002,0.00042918454935622315,0.0023712551185078663,-3.343156519229582,0.0008283116588111848,-2.4688647910182344
N,KD,26.0,0.0037195994277539344,6990.0,0.004247999999999999,29.693519999999996,0.0037195994277539344,0.004239516727029214,-0.6792568384966594,0.49697513910485935,-0.19163650360168588
N,KE,44.0,0.006294706723891273,6990.0,0.004176,29.19024,0.006294706723891273,0.004167660511316855,2.7468686533441984,0.006016722479693584,0.592017451128788
N,KF,39.0,0.005579399141630901,6990.0,0.0028799999999999997,20.1312,0.005579399141630901,0.002874248628494383,4.211489631187873,2.5369220062483702e-05,0.9540409515939491
N,KG,55.0,0.007868383404864092,6990.0,0.005327999999999999,37.24272,0.007868383404864092,0.005317359962714608,2.917533157478442,0.0035281213544413543,0.562473175514773
N,KH,6.0,0.0008583690987124463,6990.0,0.002088,14.59512,0.0008583690987124463,0.0020838302556584276,-2.2521742403500506,0.02431126320309079,-1.282451666787353
N,KI,52.0,0.007439198855507869,6990.0,0.0027359999999999997,19.12464,0.007439198855507869,0.002730536197069664,7.527812822873313,5.159728350390431e-14,1.4430790323165699
N,KK,42.0,0.006008583690987125,6990.0,0.005183999999999999,36.23616,0.006008583690987125,0.005173647531289889,0.9599960619892294,0.3370571968936733,0.21295924895551127
N,KL,43.0,0.0061516452074391985,6990.0,0.0054719999999999994,38.24928,0.0061516452074391985,0.005461072394139328,0.7702634578067546,0.4411436281304617,0.16890406887757542
N,KM,3.0,0.00042918454935622315,6990.0,0.0012959999999999998,9.05904,0.00042918454935622315,0.0012934118828224722,-2.014393615493863,0.04396822414224671,-1.5943956731020932
N,KN,24.0,0.0034334763948497852,6990.0,0.0031679999999999994,22.144319999999997,0.0034334763948497852,0.003161673491343821,0.3949671053967892,0.6928671645320075,0.11609770970292219
N,KP,5.0,0.000715307582260372,6990.0,0.0036,25.163999999999998,0.000715307582260372,0.0035928107856179783,-4.026892083057894,5.6518956801432134e-05,-2.3313612672682993
N,KQ,8.0,0.0011444921316165952,6990.0,0.0026639999999999997,18.62136,0.0011444921316165952,0.002658679981357304,-2.4646410809752677,0.013715055869852348,-1.2188865380098866
N,KR,27.0,0.0038626609442060085,6990.0,0.0030239999999999998,21.13776,0.0038626609442060085,0.0030179610599191022,1.277002540645351,0.20160135029716453,0.35313690700377137
N,KS,70.0,0.010014306151645207,6990.0,0.0058319999999999995,40.765679999999996,0.010014306151645207,0.005820353472701125,4.592146777973797,4.387096327972019e-06,0.7799998416794048
N,KT,39.0,0.005579399141630901,6990.0,0.004463999999999999,31.203359999999993,0.005579399141630901,0.004455085374166293,1.3988730912900307,0.16185104310571707,0.3217727360944364
N,KV,48.0,0.0068669527896995704,6990.0,0.004896,34.223040000000005,0.0068669527896995704,0.004886222668440451,2.3608036560094043,0.018235382450364976,0.48806648708987965
N,KW,17.0,0.0024320457796852646,6990.0,0.0009359999999999999,6.54264,0.0024320457796852646,0.0009341308042606744,4.090240944739775,4.309252872004164e-05,1.3775899507283105
N,KY,42.0,0.006008583690987125,6990.0,0.002376,16.608240000000002,0.006008583690987125,0.0023712551185078663,6.238031367664955,4.4311181781931324e-10,1.3384901310393698
N,LA,102.0,0.014592274678111588,6990.0,0.005624,39.31176,0.014592274678111588,0.005612768849532087,10.026503650083976,1.1657153459981492e-23,1.3755362919603358
N,LC,9.0,0.0012875536480686696,6990.0,0.0025080000000000002,17.530920000000002,0.0012875536480686696,0.0025029915139805252,-2.040040572136204,0.041346284907482156,-0.9619048022983514
N,LD,87.0,0.012446351931330472,6990.0,0.004483999999999999,31.343159999999994,0.012446351931330472,0.004475045434086392,9.963754836134417,2.1960835632803995e-23,1.472864762104677
N,LE,93.0,0.013304721030042918,6990.0,0.0044080000000000005,30.811920000000004,0.013304721030042918,0.004399197206390015,11.228120599461155,2.967228207545921e-29,1.593742131598249
N,LF,51.0,0.007296137339055794,6990.0,0.00304,21.2496,0.007296137339055794,0.003033929107855182,6.463660877216148,1.0219977166345704e-10,1.263061562701923
N,LG,105.0,0.015021459227467811,6990.0,0.005624,39.31176,0.015021459227467811,0.005612768849532087,10.506330663097133,8.0775471858524e-26,1.4173564676549628
N,LH,11.0,0.0015736766809728183,6990.0,0.0022040000000000002,15.405960000000002,0.0015736766809728183,0.0021995986031950075,-1.1237644463813037,0.2611129681022518,-0.48598506087248516
N,LI,50.0,0.00715307582260372,6990.0,0.002888,20.18712,0.00715307582260372,0.002882232652462423,6.644996832026925,3.032235971280015e-11,1.308492991948929
N,LK,97.0,0.013876967095851216,6990.0,0.0054719999999999994,38.24928,0.013876967095851216,0.005461072394139328,9.525615640542158,1.6406653857729542e-21,1.3425521563626053
N,LL,103.0,0.014735336194563662,6990.0,0.005776,40.37424,0.014735336194563662,0.005764465304924846,9.884591088937771,4.855600924120471e-23,1.351137329357423
N,LM,2.0,0.0002861230329041488,6990.0,0.0013679999999999999,9.56232,0.0002861230329041488,0.001365268098534832,-2.447206823112269,0.014396819852864548,-2.2573606858245223
N,LN,43.0,0.0061516452074391985,6990.0,0.0033439999999999998,23.37456,0.0061516452074391985,0.0033373220186407,4.066071743946651,4.781222235912107e-05,0.8793974516825905
N,LP,21.0,0.0030042918454935624,6990.0,0.0038,26.562,0.0030042918454935624,0.0037924113848189778,-1.0812530104531686,0.279584583370147,-0.33897445137817456
N,LQ,37.0,0.005293276108726753,6990.0,0.002812,19.65588,0.005293276108726753,0.0028063844247660434,3.917576643727018,8.944361204958497e-05,0.91256431561779
N,LR,62.0,0.008869814020028613,6990.0,0.003192,22.312079999999998,0.008869814020028613,0.003185625563247941,8.415550917487453,3.9105269426597953e-17,1.4744432032259047
N,LS,120.0,0.017167381974248927,6990.0,0.006156,43.03044,0.017167381974248927,0.006143706443406743,11.76987906127775,5.580445579540579e-32,1.4796049083416836
N,LT,82.0,0.0117310443490701,6990.0,0.004712,32.93688,0.0117310443490701,0.004702590117175533,8.569185603598367,1.0421944434751334e-17,1.3159200098489983
N,LV,78.0,0.011158798283261802,6990.0,0.005168,36.12432,0.011158798283261802,0.005157679483353809,6.985333715631551,2.8417966856093228e-12,1.1105036932296986
N,LW,13.0,0.0018597997138769672,6990.0,0.000988,6.90612,0.0018597997138769672,0.0009860269600529342,2.3200186990032563,0.020339865814377345,0.91256431561779
N,LY,32.0,0.004577968526466381,6990.0,0.0025080000000000002,17.530920000000002,0.004577968526466381,0.0025029915139805252,3.4600617801461633,0.0005400514675669366,0.8681701962593363
N,MA,26.0,0.0037195994277539344,6990.0,0.0013319999999999999,9.31068,0.0037195994277539344,0.001329339990678652,5.473150298800681,4.421048396412569e-08,1.4815531801312056
N,MC,1.0,0.0001430615164520744,6990.0,0.000594,4.1520600000000005,0.0001430615164520744,0.0005928137796269666,-1.5473611516877437,0.12177618344445554,-2.0538272917393905
N,MD,28.0,0.004005722460658083,6990.0,0.0010619999999999998,7.423379999999999,0.004005722460658083,0.0010598791817573036,7.556208342819731,4.149889392232039e-14,1.915278700314826
N,ME,17.0,0.0024320457796852646,6990.0,0.001044,7.29756,0.0024320457796852646,0.0010419151278292138,3.593510752353665,0.0003262521791253284,1.2200486737418301
N,MF,5.0,0.000715307582260372,6990.0,0.0007199999999999999,5.0328,0.000715307582260372,0.0007185621571235958,-0.014625994640547915,0.9883305607452662,-0.009433172380936905
N,MG,39.0,0.005579399141630901,6990.0,0.0013319999999999999,9.31068,0.005579399141630901,0.001329339990678652,9.736412905330415,2.1086664496433195e-22,2.066515680852362
N,MH,4.0,0.0005722460658082976,6990.0,0.000522,3.64878,0.0005722460658082976,0.0005209575639146069,0.18391568949253145,0.8540795963240326,0.13258583249149103
N,MI,16.0,0.0022889842632331904,6990.0,0.0006839999999999999,4.78116,0.0022889842632331904,0.000682634049267416,5.1325110739136655,2.859019008996576e-07,1.7426393141754777
N,MK,38.0,0.0054363376251788265,6990.0,0.0012959999999999998,9.05904,0.0054363376251788265,0.0012934118828224722,9.621736289950762,6.472917016004417e-22,2.068569339620336
N,ML,20.0,0.002861230329041488,6990.0,0.0013679999999999999,9.56232,0.002861230329041488,0.001365268098534832,3.3776885550284135,0.000730978192072645,1.0645674090628399
N,MM,1.0,0.0001430615164520744,6990.0,0.00032399999999999996,2.26476,0.0001430615164520744,0.00032335297070561805,-0.8405574389713293,0.40059591056996224,-1.1793581738232493
N,MN,17.0,0.0024320457796852646,6990.0,0.0007919999999999998,5.536079999999999,0.0024320457796852646,0.0007904183728359552,4.8742075358840795,1.0924609701050624e-06,1.6185980502321053
N,MP,20.0,0.002861230329041488,6990.0,0.0009,6.2909999999999995,0.002861230329041488,0.0008982026964044946,5.4681630304112545,4.5472354733196085e-08,1.6686387327317007
N,MQ,14.0,0.0020028612303290413,6990.0,0.0006659999999999999,4.65534,0.0020028612303290413,0.000664669995339326,4.332439135655379,1.4746643736927068e-05,1.5884683840477174
N,MR,8.0,0.0011444921316165952,6990.0,0.0007559999999999999,5.28444,0.0011444921316165952,0.0007544902649797756,1.181746004711298,0.23730649824894479,0.5982494048403029
N,MS,29.0,0.004148783977110157,6990.0,0.0014579999999999999,10.191419999999999,0.004148783977110157,0.0014550883681752813,5.895973060403782,3.7247974505519754e-09,1.5086978198620105
N,MT,19.0,0.0027181688125894133,6990.0,0.0011159999999999998,7.800839999999998,0.0027181688125894133,0.0011137713435415732,4.011965925755881,6.02151929608983e-05,1.2842980306757734
N,MV,28.0,0.004005722460658083,6990.0,0.001224,8.555760000000001,0.004005722460658083,0.0012215556671101128,6.651623012558142,2.898784241449127e-11,1.7104589084263275
N,MW,5.0,0.000715307582260372,6990.0,0.00023399999999999997,1.63566,0.000715307582260372,0.0002335327010651686,2.630899030683353,0.008515933241041123,1.6120552043653333
N,MY,5.0,0.000715307582260372,6990.0,0.000594,4.1520600000000005,0.000715307582260372,0.0005928137796269666,0.4162577536474893,0.6772214026634968,0.26810080314797174
N,NA,26.0,0.0037195994277539344,6990.0,0.0032559999999999998,22.759439999999998,0.0037195994277539344,0.0032494977549922606,0.6803736192220713,0.49626792056997815,0.19204656293622052
N,NC,1.0,0.0001430615164520744,6990.0,0.001452,10.14948,0.0001430615164520744,0.0014491003501992516,-2.8740217007281665,0.004052811152196011,-3.343333908934375
N,ND,11.0,0.0015736766809728183,6990.0,0.002596,18.14604,0.0015736766809728183,0.0025908157776289645,-1.6797279861575385,0.09301025206914548,-0.7221512203004659
N,NE,14.0,0.0020028612303290413,6990.0,0.002552,17.83848,0.0020028612303290413,0.002546903645804745,-0.9099870821522008,0.362829322387625,-0.3495658626458901
N,NF,5.0,0.000715307582260372,6990.0,0.0017599999999999998,12.302399999999999,0.000715307582260372,0.0017564852729687894,-2.0837864634948744,0.037179595179694706,-1.2989397895759218
N,NG,32.0,0.004577968526466381,6990.0,0.0032559999999999998,22.759439999999998,0.004577968526466381,0.0032494977549922606,1.940107034228251,0.05236668332543199,0.49160684479512845
N,NH,2.0,0.0002861230329041488,6990.0,0.001276,8.91924,0.0002861230329041488,0.0012734518229023724,-2.3183111634674405,0.020432416143297424,-2.1569207847034937
N,NI,22.0,0.0031473533619456365,6990.0,0.0016719999999999999,11.68728,0.0031473533619456365,0.00166866100932035,3.019116530407269,0.0025351300005484983,0.9125643156177898
N,NK,18.0,0.002575107296137339,6990.0,0.0031679999999999994,22.144319999999997,0.002575107296137339,0.003161673491343821,-0.8820863911008454,0.3777300909659782,-0.29893978957592166
N,NL,23.0,0.003290414878397711,6990.0,0.0033439999999999998,23.37456,0.003290414878397711,0.0033373220186407,-0.07760273565395978,0.9381440662090181,-0.023305346962494387
N,NM,1.0,0.0001430615164520744,6990.0,0.0007919999999999998,5.536079999999999,0.0001430615164520744,0.0007904183728359552,-1.928641801353555,0.053775345861515556,-2.468864791018234
N,NN,12.0,0.0017167381974248926,6990.0,0.0019359999999999998,13.532639999999999,0.0017167381974248926,0.0019321338002656683,-0.41703230270529584,0.6766547802831135,-0.173408907492063
N,NP,5.0,0.000715307582260372,6990.0,0.0022,15.378,0.000715307582260372,0.002195606591210987,-2.6493661810226,0.008064290185210415,-1.6208678844632844
N,NQ,12.0,0.0017167381974248926,6990.0,0.0016279999999999999,11.379719999999999,0.0017167381974248926,0.0016247488774961303,0.18402456247264726,0.8539941859109914,0.07656934551628458
N,NR,12.0,0.0017167381974248926,6990.0,0.001848,12.91752,0.0017167381974248926,0.001844309536617229,-0.2555216056125608,0.7983202584625813,-0.10629471163352613
N,NS,32.0,0.004577968526466381,6990.0,0.003564,24.91236,0.004577968526466381,0.003556882677761799,1.4225564531592434,0.15486477535323026,0.36121020753945343
N,NT,20.0,0.002861230329041488,6990.0,0.002728,19.06872,0.002861230329041488,0.002722552173101624,0.21355644982538724,0.8308929638517097,0.0687919949245651
N,NV,16.0,0.0022889842632331904,6990.0,0.002992,20.91408,0.0022889842632331904,0.002986024964046942,-1.0761517552729571,0.281859392233036,-0.38640263082626114
N,NW,3.0,0.00042918454935622315,6990.0,0.0005719999999999999,3.9982799999999994,0.00042918454935622315,0.0005708577137148566,-0.49939019574741317,0.61750452475863,-0.41441700699585776
N,NY,14.0,0.0020028612303290413,6990.0,0.001452,10.14948,0.0020028612303290413,0.0014491003501992516,1.2095198895552335,0.2264631745318212,0.46402101312322874
N,PA,0.0,0.0,6990.0,0.0037,25.863,0.0,0.0036926110852184783,-5.0950023041578385,3.4873701415507453e-07,-inf
N,PC,0.0,0.0,6990.0,0.0016500000000000002,11.533500000000002,0.0,0.0016467049434082406,-3.3989059602832943,0.0006765597450203592,-inf
N,PD,0.0,0.0,6990.0,0.00295,20.6205,0.0,0.0029441088382147324,-4.5476928717586835,5.423720777574069e-06,-inf
N,PE,1.0,0.0001430615164520744,6990.0,0.0029000000000000002,20.271,0.0001430615164520744,0.002894208688414483,-4.286445501930032,1.8155471583726545e-05,-4.341345355840922
N,PF,0.0,0.0,6990.0,0.002,13.98,0.0,0.0019960059920099884,-3.7427284208267273,0.00018203293321295553,-inf
N,PG,3.0,0.00042918454935622315,6990.0,0.0037,25.863,0.00042918454935622315,0.0036926110852184783,-4.504003312839217,6.6685166000464494e-06,-3.107855225621143
N,PH,0.0,0.0,6990.0,0.0014500000000000001,10.1355,0.0,0.0014471043442072415,-3.185940648510728,0.0014428419365400975,-inf
N,PI,0.0,0.0,6990.0,0.0019,13.281,0.0,0.0018962056924094889,-3.6477776708124345,0.0002645183761756968,-inf
N,PK,0.0,0.0,6990.0,0.0036,25.163999999999998,0.0,0.0035928107856179783,-5.025427116547751,5.023133126134999e-07,-inf
N,PL,1.0,0.0001430615164520744,6990.0,0.0038,26.562,0.0001430615164520744,0.0037924113848189778,-4.969253767206743,6.721106089060469e-07,-4.731291874156935
N,PM,0.0,0.0,6990.0,0.0009,6.2909999999999995,0.0,0.0008982026964044946,-2.5093160423311107,0.012096520304508099,-inf
N,PN,0.0,0.0,6990.0,0.0022,15.378,0.0,0.002195606591210987,-3.92580007051123,8.644193345389523e-05,-inf
N,PP,0.0,0.0,6990.0,0.0025000000000000005,17.475000000000005,0.0,0.002495007490012486,-4.185546200017532,2.8448119702251552e-05,-inf
N,PQ,0.0,0.0,6990.0,0.00185,12.9315,0.0,0.0018463055426092391,-3.599370447048749,0.0003189885033255636,-inf
N,PR,0.0,0.0,6990.0,0.0021000000000000003,14.679000000000002,0.0,0.002095806291610488,-3.835347542351058,0.00012538686526127093,-inf
N,PS,3.0,0.00042918454935622315,6990.0,0.004050000000000001,28.309500000000003,0.00042918454935622315,0.0040419121338202265,-4.766490130596429,1.8746290830197155e-06,-3.2382518628768184
N,PT,0.0,0.0,6990.0,0.0031000000000000003,21.669000000000004,0.0,0.003093809287615482,-4.662229379453416,3.1280226636945883e-06,-inf
N,PV,0.0,0.0,6990.0,0.0034000000000000002,23.766000000000002,0.0,0.00339321018641698,-4.8833472201191706,1.042999694386967e-06,-inf
N,PW,0.0,0.0,6990.0,0.00065,4.5435,0.0,0.0006487019474032461,-2.132241823967751,0.032986971831041656,-inf
N,PY,0.0,0.0,6990.0,0.0016500000000000002,11.533500000000002,0.0,0.0016467049434082406,-3.3989059602832943,0.0006765597450203592,-inf
N,QA,55.0,0.007868383404864092,6990.0,0.0027379999999999995,19.138619999999996,0.007868383404864092,0.002732532203061673,8.208561430234866,2.2385427222783387e-16,1.5229448113281356
N,QC,9.0,0.0012875536480686696,6990.0,0.001221,8.534790000000001,0.0012875536480686696,0.001218561658122098,0.159337471281314,0.8734030000435737,0.07656934551628428
N,QD,38.0,0.0054363376251788265,6990.0,0.0021829999999999996,15.259169999999997,0.0054363376251788265,0.002178640540278902,5.827944489064177,5.611423631443523e-09,1.31632292751417
N,QE,44.0,0.006294706723891273,6990.0,0.002146,15.000539999999999,0.006294706723891273,0.002141714429426717,7.495540636250808,6.602564493131952e-14,1.5524890869421506
N,QF,20.0,0.002861230329041488,6990.0,0.00148,10.3452,0.002861230329041488,0.0014770444340873913,3.003969038647851,0.002664824418994704,0.9510384634324256
N,QG,53.0,0.007582260371959942,6990.0,0.0027379999999999995,19.138619999999996,0.007582260371959942,0.002732532203061673,7.750767478622581,9.13388044983068e-15,1.4695055523666751
N,QH,17.0,0.0024320457796852646,6990.0,0.001073,7.5002699999999995,0.0024320457796852646,0.0010708572147133586,3.470610986433814,0.0005192756961885037,1.1805203095551926
N,QI,25.0,0.00357653791130186,6990.0,0.001406,9.82794,0.00357653791130186,0.0014031922123830217,4.843048599296901,1.2786199863109733e-06,1.3469671397635647
N,QK,32.0,0.004577968526466381,6990.0,0.0026639999999999997,18.62136,0.004577968526466381,0.002658679981357304,3.1044560914590007,0.0019062922021226044,0.7811134619901136
N,QL,47.0,0.006723891273247497,6990.0,0.002812,19.65588,0.006723891273247497,0.0028063844247660434,6.176311387102303,6.561651317847585e-10,1.2576998016664775
N,QM,3.0,0.00042918454935622315,6990.0,0.0006659999999999999,4.65534,0.00042918454935622315,0.000664669995339326,-0.76746075285947,0.44280761932141177,-0.6339240372887306
N,QN,30.0,0.004291845493562232,6990.0,0.0016279999999999999,11.379719999999999,0.004291845493562232,0.0016247488774961303,5.524261430512323,3.3087448419411376e-08,1.3984974404036468
N,QP,0.0,0.0,6990.0,0.00185,12.9315,0.0,0.0018463055426092391,-3.599370447048749,0.0003189885033255636,-inf
N,QQ,28.0,0.004005722460658083,6990.0,0.0013689999999999998,9.569309999999998,0.004005722460658083,0.0013662661015308366,5.962093200951489,2.4902703153287917e-09,1.54894001986108
N,QR,13.0,0.0018597997138769672,6990.0,0.001554,10.86246,0.0018597997138769672,0.001550896655791761,0.6490645122755483,0.5162966786357585,0.25916075879475753
N,QS,57.0,0.00815450643776824,6990.0,0.002997,20.94903,0.00815450643776824,0.0029910149790269673,7.888360733200106,3.0618165160375205e-15,1.4440784747125426
N,QT,30.0,0.004291845493562232,6990.0,0.002294,16.03506,0.004291845493562232,0.002289418872835457,3.491423152150571,0.00048045465699361224,0.9037327486540688
N,QV,60.0,0.008583690987124463,6990.0,0.002516,17.58684,0.008583690987124463,0.002510975537948565,10.126369155862541,4.220303243583055e-24,1.7704662177906045
N,QW,4.0,0.0005722460658082976,6990.0,0.00048099999999999993,3.3621899999999996,0.0005722460658082976,0.0004800394410784021,0.347924226987171,0.7278970901342712,0.2505987452913336
N,QY,16.0,0.0022889842632331904,6990.0,0.001221,8.534790000000001,0.0022889842632331904,0.001218561658122098,2.556883308578876,0.010561464017312717,0.9066443440739721
N,RA,23.0,0.003290414878397711,6990.0,0.003108,21.72492,0.003290414878397711,0.003101793311583522,0.27398973064229387,0.7840925135546235,0.08228299671067826
N,RC,0.0,0.0,6990.0,0.001386,9.68814,0.0,0.001383232152462922,-3.114736971037629,0.001841090039867866,-inf
N,RD,15.0,0.002145922746781116,6990.0,0.002478,17.32122,0.002145922746781116,0.0024730514241003755,-0.5584262482086492,0.5765533532483551,-0.20757804747070782
N,RE,22.0,0.0031473533619456365,6990.0,0.0024360000000000002,17.02764,0.0031473533619456365,0.002431135298268166,1.2064656192285235,0.22763800786922606,0.36962502979233997
N,RF,22.0,0.0031473533619456365,6990.0,0.00168,11.7432,0.0031473533619456365,0.00167664503328839,2.995599659772067,0.00273905779598323,0.9056779300325498
N,RG,31.0,0.004434907010014306,6990.0,0.003108,21.72492,0.004434907010014306,0.003101793311583522,1.9930331201851863,0.04625782048815496,0.5129173510405405
N,RH,4.0,0.0005722460658082976,6990.0,0.0012180000000000001,8.51382,0.0005722460658082976,0.001215567649134083,-1.5479133684601454,0.12164315555604828,-1.089806588844957
N,RI,20.0,0.002861230329041488,6990.0,0.001596,11.156039999999999,0.002861230329041488,0.0015928127816239705,2.6499555068528533,0.00805023717442626,0.842174987726392
N,RK,19.0,0.0027181688125894133,6990.0,0.0030239999999999998,21.13776,0.0027181688125894133,0.0030179610599191022,-0.4656794930419097,0.6414449331520005,-0.1538230817161119
N,RL,33.0,0.004721030042918455,6990.0,0.003192,22.312079999999998,0.004721030042918455,0.003185625563247941,2.2663000470176433,0.023433018555283902,0.5646410121974829
N,RM,1.0,0.0001430615164520744,6990.0,0.0007559999999999999,5.28444,0.0001430615164520744,0.0007544902649797756,-1.8644846191670488,0.06225367953791405,-2.401750595159697
N,RN,13.0,0.0018597997138769672,6990.0,0.001848,12.91752,0.0018597997138769672,0.001844309536617229,0.022969986519012206,0.9816742139181988,0.009182505786410052
N,RP,0.0,0.0,6990.0,0.0021000000000000003,14.679000000000002,0.0,0.002095806291610488,-3.835347542351058,0.00012538686526127093,-inf
N,RQ,8.0,0.0011444921316165952,6990.0,0.001554,10.86246,0.0011444921316165952,0.001550896655791761,-0.8691866368855158,0.3847450553457721,-0.4412789593463347
N,RR,17.0,0.0024320457796852646,6990.0,0.0017640000000000002,12.33036,0.0024320457796852646,0.0017604772849528097,1.3310026133237334,0.18318815104131836,0.463319824754194
N,RS,36.0,0.005150214592274678,6990.0,0.0034020000000000005,23.779980000000002,0.005150214592274678,0.0033952061924089902,2.510187534451653,0.012066705990350778,0.5982494048403024
N,RT,16.0,0.0022889842632331904,6990.0,0.002604,18.20196,0.0022889842632331904,0.0025987998015970046,-0.5167928977705817,0.6053007384221712,-0.18602190410426
N,RV,16.0,0.0022889842632331904,6990.0,0.0028560000000000005,19.963440000000002,0.0022889842632331904,0.0028502965565902635,-0.888332719325292,0.3743618045799335,-0.31928843496772447
N,RW,1.0,0.0001430615164520744,6990.0,0.000546,3.8165400000000003,0.0001430615164520744,0.0005449096358187268,-1.442114052960305,0.1492702012641417,-1.9322653118584772
N,RY,7.0,0.0010014306151645207,6990.0,0.001386,9.68814,0.0010014306151645207,0.001383232152462922,-0.8642369991892248,0.38745771096087056,-0.4688647910182344
N,SA,41.0,0.00586552217453505,6990.0,0.005994,41.89806,0.00586552217453505,0.005982029958053935,-0.13915983111891306,0.8893238497102358,-0.03125953483411554
N,SC,5.0,0.000715307582260372,6990.0,0.002673,18.68427,0.000715307582260372,0.0026676620083213496,-3.170040268210249,0.0015241781324369151,-1.9018241982943405
N,SD,35.0,0.005007153075822604,6990.0,0.004779,33.405210000000004,0.005007153075822604,0.004769456317907868,0.27659010230170256,0.7820948655344206,0.06728179375987577
N,SE,29.0,0.004148783977110157,6990.0,0.004698000000000001,32.839020000000005,0.004148783977110157,0.004688618075231463,-0.6715028220629871,0.5019002622870552,-0.17935817382324973
N,SF,22.0,0.0031473533619456365,6990.0,0.0032400000000000003,22.6476,0.0031473533619456365,0.003233529707056181,-0.13630144072022238,0.8915829849845611,-0.04185465007331464
N,SG,73.0,0.01044349070100143,6990.0,0.005994,41.89806,0.01044349070100143,0.005982029958053935,4.819433799379289,1.4396621331401064e-06,0.801013019427818
N,SH,12.0,0.0017167381974248926,6990.0,0.0023490000000000004,16.419510000000002,0.0017167381974248926,0.0023443090376157314,-1.091954905203397,0.27485292269799677,-0.4523766682296657
N,SI,16.0,0.0022889842632331904,6990.0,0.003078,21.51522,0.0022889842632331904,0.0030718532217033716,-1.1908562910625633,0.23371000600926317,-0.42728568726683475
N,SK,38.0,0.0054363376251788265,6990.0,0.0058319999999999995,40.765679999999996,0.0054363376251788265,0.005820353472701125,-0.43443488683528697,0.6639726685280816,-0.10135566182197628
N,SL,49.0,0.007010014306151645,6990.0,0.006156,43.03044,0.007010014306151645,0.006143706443406743,0.9128413784493662,0.3613259723562148,0.18742415684837319
N,SM,0.0,0.0,6990.0,0.0014579999999999999,10.191419999999999,0.0,0.0014550883681752813,-3.194730158643572,0.0013996163562204622,-inf
N,SN,16.0,0.0022889842632331904,6990.0,0.003564,24.91236,0.0022889842632331904,0.003556882677761799,-1.7887950334495413,0.07364783109257966,-0.6387897924605466
N,SP,1.0,0.0001430615164520744,6990.0,0.004050000000000001,28.309500000000003,0.0001430615164520744,0.0040419121338202265,-5.143146337206312,2.7017500757576074e-07,-4.823214363597974
N,SQ,17.0,0.0024320457796852646,6990.0,0.002997,20.94903,0.0024320457796852646,0.0029910149790269673,-0.8640925108597417,0.3875370727513885,-0.30134869820185994
N,SR,16.0,0.0022889842632331904,6990.0,0.0034020000000000005,23.779980000000002,0.0022889842632331904,0.0033952061924089902,-1.5981323119179165,0.11001353388970345,-0.5716755966020097
N,SS,81.0,0.011587982832618025,6990.0,0.006561,45.86139,0.011587982832618025,0.006547897656788766,5.205834634157251,1.9312657535058474e-07,0.8206418261767504
N,ST,23.0,0.003290414878397711,6990.0,0.005022,35.10378,0.003290414878397711,0.00501197104593708,-2.048034839139269,0.04055658581430725,-0.6099925281531118
N,SV,29.0,0.004148783977110157,6990.0,0.005508000000000001,38.50092000000001,0.004148783977110157,0.005497000501995509,-1.535428015988571,0.12467872636651055,-0.408840019946017
N,SW,5.0,0.000715307582260372,6990.0,0.001053,7.360469999999999,0.000715307582260372,0.0010508971547932588,-0.8705114508271057,0.3840209642139636,-0.557869797076979
N,SY,17.0,0.0024320457796852646,6990.0,0.002673,18.68427,0.0024320457796852646,0.0026676620083213496,-0.39017088398127764,0.696410190061909,-0.13628945193136352
N,TA,54.0,0.007725321888412017,6990.0,0.004588,32.07012,0.007725321888412017,0.004578837745670914,3.881365370280201,0.00010387164901557243,0.7517296552090188
N,TC,6.0,0.0008583690987124463,6990.0,0.002046,14.301540000000001,0.0008583690987124463,0.002041914129826218,-2.1974145744067743,0.02799085133277594,-1.2531360999627974
N,TD,21.0,0.0030042918454935624,6990.0,0.003658,25.569419999999997,0.0030042918454935624,0.003650694959386268,-0.9053081305411106,0.36530217025227263,-0.2840301079085806
N,TE,32.0,0.004577968526466381,6990.0,0.0035960000000000002,25.13604,0.004577968526466381,0.003588818773633959,1.371540332862517,0.17020657944513762,0.3483145235469279
N,TF,27.0,0.0038626609442060085,6990.0,0.00248,17.3352,0.0038626609442060085,0.0024750474300923855,2.3241686405994955,0.020116457336925103,0.6392549259506063
N,TG,56.0,0.008011444921316165,6990.0,0.004588,32.07012,0.008011444921316165,0.004578837745670914,4.235344997189258,2.2820107209703695e-05,0.8041970751031542
N,TH,7.0,0.0010014306151645207,6990.0,0.0017980000000000001,12.56802,0.0010014306151645207,0.0017944093868169796,-1.57202025377246,0.11594585413291104,-0.8443305543954681
N,TI,35.0,0.005007153075822604,6990.0,0.002356,16.46844,0.005007153075822604,0.0023512950585877664,4.571912938402764,4.8329174863968875e-06,1.0876510221758813
N,TK,35.0,0.005007153075822604,6990.0,0.004463999999999999,31.203359999999993,0.005007153075822604,0.004455085374166293,0.6811931207950331,0.49574930030352615,0.16565353417715437
N,TL,22.0,0.0031473533619456365,6990.0,0.004712,32.93688,0.0031473533619456365,0.004702590117175533,-1.9101955734629779,0.056108036896762754,-0.5822003761317882
N,TM,0.0,0.0,6990.0,0.0011159999999999998,7.800839999999998,0.0,0.0011137713435415732,-2.7945581876027754,0.005197068710017361,-inf
N,TN,28.0,0.004005722460658083,6990.0,0.002728,19.06872,0.004005722460658083,0.002722552173101624,2.0480762490298123,0.040552528737784053,0.554218822094807
N,TP,7.0,0.0010014306151645207,6990.0,0.0031000000000000003,21.669000000000004,0.0010014306151645207,0.003093809287615482,-3.156132851871437,0.0015987602264014068,-1.6302057490426207
N,TQ,15.0,0.002145922746781116,6990.0,0.002294,16.03506,0.002145922746781116,0.002289418872835457,-0.25877894554971026,0.7958058036783069,-0.09626725134593114
N,TR,16.0,0.0022889842632331904,6990.0,0.002604,18.20196,0.0022889842632331904,0.0025987998015970046,-0.5167928977705817,0.6053007384221712,-0.18602190410426
N,TS,35.0,0.005007153075822604,6990.0,0.005022,35.10378,0.005007153075822604,0.00501197104593708,-0.017560221319776102,0.9859896905680778,-0.0042714672651583555
N,TT,27.0,0.0038626609442060085,6990.0,0.0038439999999999998,26.86956,0.0038626609442060085,0.0038363235166431974,0.025212553640709633,0.9798854237826063,0.006986710451093524
N,TV,39.0,0.005579399141630901,6990.0,0.004216,29.46984,0.005579399141630901,0.004207580631157055,1.7592547450531095,0.07853424947475804,0.4042348962864089
N,TW,19.0,0.0027181688125894133,6990.0,0.000806,5.63394,0.0027181688125894133,0.0008043904147800252,5.633423340247261,1.766670677970617e-08,1.7537833139769934
N,TY,21.0,0.0030042918454935624,6990.0,0.002046,14.301540000000001,0.0030042918454935624,0.002041914129826218,1.7730798900060474,0.07621546976320775,0.554218822094807
N,VA,16.0,0.0022889842632331904,6990.0,0.005032,35.17368,0.0022889842632331904,0.00502195107589713,-3.24109689062421,0.0011907070567445206,-1.1364243778179137
N,VC,0.0,0.0,6990.0,0.0022440000000000003,15.685560000000002,0.0,0.002239518723035207,-3.9649511421306927,7.341098183514455e-05,-inf
N,VD,12.0,0.0017167381974248926,6990.0,0.004012,28.043879999999998,0.0017167381974248926,0.004003988019972036,-3.035731115129205,0.0023995324589956143,-1.224651560829649
N,VE,13.0,0.0018597997138769672,6990.0,0.0039440000000000005,27.56856,0.0018597997138769672,0.0039361238162436965,-2.78014666818289,0.005433435211669155,-1.0845122891754442
N,VF,6.0,0.0008583690987124463,6990.0,0.00272,19.012800000000002,0.0008583690987124463,0.002714568149133584,-2.9884029764324938,0.0028043952483975333,-1.6639366063551706
N,VG,15.0,0.002145922746781116,6990.0,0.005032,35.17368,0.002145922746781116,0.00502195107589713,-3.41013574443966,0.0006493055349887916,-1.2295337822093955
N,VH,0.0,0.0,6990.0,0.0019720000000000002,13.78428,0.0,0.0019680619081218482,-3.7163848441951814,0.00020209368613711027,-inf
N,VI,6.0,0.0008583690987124463,6990.0,0.002584,18.06216,0.0008583690987124463,0.0025788397416769047,-2.841856059546991,0.004485173674649988,-1.5899360249113936
N,VK,11.0,0.0015736766809728183,6990.0,0.004896,34.223040000000005,0.0015736766809728183,0.004886222668440451,-3.979472810812592,6.906825824290232e-05,-1.637464394993979
N,VL,7.0,0.0010014306151645207,6990.0,0.005168,36.12432,0.0010014306151645207,0.005157679483353809,-4.85826366141021,1.1841964922966343e-06,-2.3675436035749455
N,VM,0.0,0.0,6990.0,0.001224,8.555760000000001,0.0,0.0012215556671101128,-2.926814835957819,0.003424526987450129,-inf
N,VN,3.0,0.00042918454935622315,6990.0,0.002992,20.91408,0.00042918454935622315,0.002986024964046942,-3.92306772297158,8.742856249557788e-05,-2.8014401301051053
N,VP,19.0,0.0027181688125894133,6990.0,0.0034000000000000002,23.766000000000002,0.0027181688125894133,0.00339321018641698,-0.9792995393035421,0.32743199802353606,-0.32289968852010353
N,VQ,1.0,0.0001430615164520744,6990.0,0.002516,17.58684,0.0001430615164520744,0.002510975537948565,-3.9601969051404566,7.488798854193359e-05,-4.136424377817914
N,VR,5.0,0.000715307582260372,6990.0,0.0028560000000000005,19.963440000000002,0.000715307582260372,0.0028502965565902635,-3.3537819030087106,0.0007971516728388612,-1.9973603400803621
N,VS,26.0,0.0037195994277539344,6990.0,0.005508000000000001,38.50092000000001,0.0037195994277539344,0.005497000501995509,-2.0202530695587204,0.04335714405905485,-0.5663812969324968
N,VT,8.0,0.0011444921316165952,6990.0,0.004216,29.46984,0.0011444921316165952,0.004207580631157055,-3.9633036481581696,7.391966390070237e-05,-1.8811673225758392
N,VV,9.0,0.0012875536480686696,6990.0,0.0046240000000000005,32.321760000000005,0.0012875536480686696,0.0046147658535270935,-4.111688816647685,3.9277546374152014e-05,-1.8445088519969914
N,VW,2.0,0.0002861230329041488,6990.0,0.000884,6.17916,0.0002861230329041488,0.0008822346484684148,-1.6819625479657545,0.0925761025234593,-1.627410730330056
N,VY,8.0,0.0011444921316165952,6990.0,0.0022440000000000003,15.685560000000002,0.0011444921316165952,0.002239518723035207,-1.942733947650831,0.052048312279207455,-0.9713651315474178
N,WA,2.0,0.0002861230329041488,6990.0,0.0009619999999999999,6.724379999999999,0.0002861230329041488,0.0009600788821568042,-1.8227524666294195,0.06834088992617647,-1.7494012547086664
N,WC,0.0,0.0,6990.0,0.000429,2.99871,0.0,0.00042814328528614244,-1.7320499411715726,0.08326467091020621,-inf
N,WD,8.0,0.0011444921316165952,6990.0,0.0007669999999999999,5.361329999999999,0.0011444921316165952,0.0007654682979358302,1.1400277567858572,0.25427473739911155,0.5774090615584422
N,WE,2.0,0.0002861230329041488,6990.0,0.000754,5.27046,0.0002861230329041488,0.0007524942589877655,-1.4251099481821725,0.15412542142731858,-1.397928884207289
N,WF,8.0,0.0011444921316165952,6990.0,0.00052,3.6348,0.0011444921316165952,0.0005189615579225969,2.2902180479088776,0.022008679714909975,1.1381240160329211
N,WG,11.0,0.0015736766809728183,6990.0,0.0009619999999999999,6.724379999999999,0.0015736766809728183,0.0009600788821568042,1.649612626708707,0.09902219079190044,0.7100303639286308
N,WH,1.0,0.0001430615164520744,6990.0,0.000377,2.63523,0.0001430615164520744,0.00037624712949388276,-1.0075148663618592,0.31368741728310157,-1.397928884207289
N,WI,9.0,0.0012875536480686696,6990.0,0.000494,3.45306,0.0012875536480686696,0.0004930134800264671,2.9857861773393877,0.0028285034242964227,1.3820495989190102
N,WK,10.0,0.001430615164520744,6990.0,0.0009359999999999999,6.54264,0.001430615164520744,0.0009341308042606744,1.3522949800624164,0.17628096964874784,0.6120552043653332
N,WL,15.0,0.002145922746781116,6990.0,0.000988,6.90612,0.002145922746781116,0.0009860269600529342,3.0814444897977107,0.002059988825215417,1.1190151930852161
N,WM,1.0,0.0001430615164520744,6990.0,0.00023399999999999997,1.63566,0.0001430615164520744,0.0002335327010651686,-0.49708331436304865,0.619130300548411,-0.7098728905220287
N,WN,11.0,0.0015736766809728183,6990.0,0.0005719999999999999,3.9982799999999994,0.0015736766809728183,0.0005708577137148566,3.5026148188570136,0.000460715169047578,1.4600521109202833
N,WP,0.0,0.0,6990.0,0.00065,4.5435,0.0,0.0006487019474032461,-2.132241823967751,0.032986971831041656,-inf
N,WQ,5.0,0.000715307582260372,6990.0,0.00048099999999999993,3.3621899999999996,0.000715307582260372,0.0004800394410784021,0.8934224584152929,0.37163098014240015,0.5725268401786958
N,WR,3.0,0.00042918454935622315,6990.0,0.000546,3.8165400000000003,0.00042918454935622315,0.0005449096358187268,-0.41808169200657824,0.6758873901328151,-0.34730281113732114
N,WS,10.0,0.001430615164520744,6990.0,0.001053,7.360469999999999,0.001430615164520744,0.0010508971547932588,0.9734252457356676,0.33034199670609965,0.442130202923021
N,WT,2.0,0.0002861230329041488,6990.0,0.000806,5.63394,0.0002861230329041488,0.0008043904147800252,-1.5316048568582012,0.12561997327766708,-1.4941441994665918
N,WV,6.0,0.0008583690987124463,6990.0,0.000884,6.17916,0.0008583690987124463,0.0008822346484684148,-0.07210549729934852,0.9425179514036118,-0.04244822960890017
N,WW,3.0,0.00042918454935622315,6990.0,0.000169,1.1813099999999999,0.00042918454935622315,0.00016866250632484398,1.6734526926331472,0.09423821211888683,1.3445748935003472
N,WY,2.0,0.0002861230329041488,6990.0,0.000429,2.99871,0.0002861230329041488,0.00042814328528614244,-0.5768532458115194,0.5640385967603441,-0.5843420084381702
N,YA,12.0,0.0017167381974248926,6990.0,0.002442,17.069580000000002,0.0017167381974248926,0.002437123316244196,-1.2285461780468707,0.21924200563306062,-0.5083931552048719
N,YC,3.0,0.00042918454935622315,6990.0,0.0010890000000000001,7.612110000000001,0.00042918454935622315,0.0010868252626494387,-1.6725677987096679,0.09441241051240773,-1.3433339089343757
N,YD,9.0,0.0012875536480686696,6990.0,0.001947,13.60953,0.0012875536480686696,0.0019431118332217234,-1.25071477407727,0.21103855830297558,-0.5966203382166069
N,YE,16.0,0.0022889842632331904,6990.0,0.0019140000000000001,13.378860000000001,0.0022889842632331904,0.001910177734353559,0.7172931468572745,0.47319323494247256,0.2581167145753498
N,YF,16.0,0.0022889842632331904,6990.0,0.00132,9.2268,0.0022889842632331904,0.0013173639547265923,2.2312856374190053,0.0256622144399195,0.7941696148155596
N,YG,38.0,0.0054363376251788265,6990.0,0.002442,17.069580000000002,0.0054363376251788265,0.002437123316244196,5.0722125887974485,3.9321675249551845e-07,1.1545718575175574
N,YH,5.0,0.000715307582260372,6990.0,0.0009570000000000001,6.689430000000001,0.000715307582260372,0.0009550888671767795,-0.653511981774499,0.5134262675213892,-0.41995519053728786
N,YI,31.0,0.004434907010014306,6990.0,0.0012540000000000001,8.765460000000001,0.004434907010014306,0.0012514957569902626,7.514728012040552,5.702937310682931e-14,1.8223665066462114
N,YK,24.0,0.0034334763948497852,6990.0,0.002376,16.608240000000002,0.0034334763948497852,0.0023712551185078663,1.815944650636706,0.06937886303962251,0.5311352089817656
N,YL,30.0,0.004291845493562232,6990.0,0.0025080000000000002,17.530920000000002,0.004291845493562232,0.0025029915139805252,2.9817920103824784,0.0028656661230807095,0.7750607918678548
N,YM,2.0,0.0002861230329041488,6990.0,0.000594,4.1520600000000005,0.0002861230329041488,0.0005928137796269666,-1.0564564253539352,0.290759738680892,-1.0538272917393905
N,YN,15.0,0.002145922746781116,6990.0,0.001452,10.14948,0.002145922746781116,0.0014491003501992516,1.5236384734231878,0.12759904679665895,0.5635566866741432
N,YP,4.0,0.0005722460658082976,6990.0,0.0016500000000000002,11.533500000000002,0.0005722460658082976,0.0016467049434082406,-2.2201116791775437,0.026411187601180202,-1.527758480071803
N,YQ,7.0,0.0010014306151645207,6990.0,0.001221,8.534790000000001,0.0010014306151645207,0.001218561658122098,-0.5256756250894182,0.5991136023122956,-0.286000733868424
N,YR,21.0,0.0030042918454935624,6990.0,0.001386,9.68814,0.0030042918454935624,0.001383232152462922,3.636762944507585,0.00027608579666380813,1.1160977097029219
N,YS,34.0,0.004864091559370529,6990.0,0.002673,18.68427,0.004864091559370529,0.0026676620083213496,3.547977410343098,0.000388201514328343,0.8637105480686365
N,YT,23.0,0.003290414878397711,6990.0,0.002046,14.301540000000001,0.003290414878397711,0.002041914129826218,2.3024791519277565,0.02130816580414036,0.6854633553730596
N,YV,28.0,0.004005722460658083,6990.0,0.0022440000000000003,15.685560000000002,0.004005722460658083,0.002239518723035207,3.112809038548822,0.0018531588239325616,0.8359897905101862
N,YW,0.0,0.0,6990.0,0.000429,2.99871,0.0,0.00042814328528614244,-1.7320499411715726,0.08326467091020621,-inf
N,YY,11.0,0.0015736766809728183,6990.0,0.0010890000000000001,7.612110000000001,0.0015736766809728183,0.0010868252626494387,1.2286081033562715,0.21921877581478644,0.5311352089817656
